time,poses[0].position.x,poses[0].position.y,poses[0].position.z,poses[0].orientation.x,poses[0].orientation.y,poses[0].orientation.z,poses[0].orientation.w,poses[1].position.x,poses[1].position.y,poses[1].position.z,poses[1].orientation.x,poses[1].orientation.y,poses[1].orientation.z,poses[1].orientation.w,poses[2].position.x,poses[2].position.y,poses[2].position.z,poses[2].orientation.x,poses[2].orientation.y,poses[2].orientation.z,poses[2].orientation.w,poses[3].position.x,poses[3].position.y,poses[3].position.z,poses[3].orientation.x,poses[3].orientation.y,poses[3].orientation.z,poses[3].orientation.w,poses[4].position.x,poses[4].position.y,poses[4].position.z,poses[4].orientation.x,poses[4].orientation.y,poses[4].orientation.z,poses[4].orientation.w,poses[5].position.x,poses[5].position.y,poses[5].position.z,poses[5].orientation.x,poses[5].orientation.y,poses[5].orientation.z,poses[5].orientation.w,poses[6].position.x,poses[6].position.y,poses[6].position.z,poses[6].orientation.x,poses[6].orientation.y,poses[6].orientation.z,poses[6].orientation.w,poses[7].position.x,poses[7].position.y,poses[7].position.z,poses[7].orientation.x,poses[7].orientation.y,poses[7].orientation.z,poses[7].orientation.w,poses[8].position.x,poses[8].position.y,poses[8].position.z,poses[8].orientation.x,poses[8].orientation.y,poses[8].orientation.z,poses[8].orientation.w,poses[9].position.x,poses[9].position.y,poses[9].position.z,poses[9].orientation.x,poses[9].orientation.y,poses[9].orientation.z,poses[9].orientation.w
1.178189754486084,-5.345352349254074,-22.956985116196204,0.0,0.0,0.0,0.0,1.0,-5.228749586646693,-22.718390056873904,0.0,0.0,0.0,0.0,1.0,-5.072923454785485,-22.50335047165793,0.0,0.0,0.0,0.0,1.0,-4.882499285294315,-22.31824930403794,0.0,0.0,0.0,0.0,1.0,-4.663129371036876,-22.168580846107194,0.0,0.0,0.0,0.0,1.0,-4.42132519111889,-22.058787653445375,0.0,0.0,0.0,0.0,1.0,-4.164264132970814,-21.992128678322167,0.0,0.0,0.0,0.0,1.0,-3.899576448510702,-21.97058253537665,0.0,0.0,0.0,0.0,1.0,-3.6351187680916155,-21.994788771103032,0.0,0.0,0.0,0.0,1.0,-3.3787408949385123,-22.064028880419638,0.0,0.0,0.0,0.0,1.0
1.5590918064117432,-5.255938046938638,-22.86595755362466,0.0,0.0,0.0,0.0,1.0,-5.077135182424004,-22.57695724480166,0.0,0.0,0.0,0.0,1.0,-4.839521170390874,-22.333993823390234,0.0,0.0,0.0,0.0,1.0,-4.554572561313202,-22.148802211692708,0.0,0.0,0.0,0.0,1.0,-4.236052125604156,-22.030327003762327,0.0,0.0,0.0,0.0,1.0,-3.899344123754617,-21.98429044927659,0.0,0.0,0.0,0.0,1.0,-3.560711259908784,-22.01291607384614,0.0,0.0,0.0,0.0,1.0,-3.236509207374024,-22.114821284658326,0.0,0.0,0.0,0.0,1.0,-2.942396643800864,-22.28508414850964,0.0,0.0,0.0,0.0,1.0,-2.692578950648042,-22.515481116905992,0.0,0.0,0.0,0.0,1.0
1.909721851348877,-5.130247965536567,-22.713102645145728,0.0,0.0,0.0,0.0,1.0,-4.8790931373238555,-22.38123507617365,0.0,0.0,0.0,0.0,1.0,-4.556490892640558,-22.118285227732372,0.0,0.0,0.0,0.0,1.0,-4.180794434097631,-21.939212610874584,0.0,0.0,0.0,0.0,1.0,-3.773377553531601,-21.85420486711063,0.0,0.0,0.0,0.0,1.0,-3.3574186530750767,-21.868098182085564,0.0,0.0,0.0,0.0,1.0,-2.9565820999286143,-21.980102149567333,0.0,0.0,0.0,0.0,1.0,-2.593671934036191,-22.183844738541573,0.0,0.0,0.0,0.0,1.0,-2.289334520740793,-22.467734805184737,0.0,0.0,0.0,0.0,1.0,-2.060883955961959,-22.815621526003778,0.0,0.0,0.0,0.0,1.0
2.243577718734741,-4.9879525554023125,-22.56782344838517,0.0,0.0,0.0,0.0,1.0,-4.6639317967548015,-22.206574084307892,0.0,0.0,0.0,0.0,1.0,-4.264458069490152,-21.931054037294913,0.0,0.0,0.0,0.0,1.0,-3.8116562631162885,-21.756523010754318,0.0,0.0,0.0,0.0,1.0,-3.330604847758421,-21.692647421810353,0.0,0.0,0.0,0.0,1.0,-2.8479469007605904,-21.74296502589268,0.0,0.0,0.0,0.0,1.0,-2.3904144773710145,-21.904688977823145,0.0,0.0,0.0,0.0,1.0,-1.9833480533779362,-22.16886218149497,0.0,0.0,0.0,0.0,1.0,-1.64929304050318,-22.520853379472975,0.0,0.0,0.0,0.0,1.0,-1.4067511066787821,-22.941167506546368,0.0,0.0,0.0,0.0,1.0
2.6025352478027344,-4.8732382211598155,-22.524943033322305,0.0,0.0,0.0,0.0,1.0,-4.481894322274542,-22.145774316551346,0.0,0.0,0.0,0.0,1.0,-4.0145739925756025,-21.865541070089513,0.0,0.0,0.0,0.0,1.0,-3.4957681094073134,-21.69892949017252,0.0,0.0,0.0,0.0,1.0,-2.9526657558090776,-21.654671197294004,0.0,0.0,0.0,0.0,1.0,-2.4137293210288724,-21.735085637781182,0.0,0.0,0.0,0.0,1.0,-1.907202870821529,-21.935958528467832,0.0,0.0,0.0,0.0,1.0,-1.4596319594360403,-22.24676271481999,0.0,0.0,0.0,0.0,1.0,-1.0944724555710525,-22.651209867992737,0.0,0.0,0.0,0.0,1.0,-0.8308612896186824,-23.128104108005864,0.0,0.0,0.0,0.0,1.0
2.9836344718933105,-4.640143186778495,-22.33357715185864,0.0,0.0,0.0,0.0,1.0,-4.172532466619513,-21.94798465465188,0.0,0.0,0.0,0.0,1.0,-3.6326210364973033,-21.672599456913982,0.0,0.0,0.0,0.0,1.0,-3.0459434665015355,-21.52044562563258,0.0,0.0,0.0,0.0,1.0,-2.4402460844469447,-21.49871912379809,0.0,0.0,0.0,0.0,1.0,-1.8441747411014995,-21.608447484544556,0.0,0.0,0.0,0.0,1.0,-1.2859200333778324,-21.84444121499965,0.0,0.0,0.0,0.0,1.0,-0.7918840582995803,-22.195539228150153,0.0,0.0,0.0,0.0,1.0,-0.3854317522778832,-22.64513669526868,0.0,0.0,0.0,0.0,1.0,-0.08578586985577807,-23.171970354650107,0.0,0.0,0.0,0.0,1.0
3.342438220977783,-4.495410582553005,-22.285691414020196,0.0,0.0,0.0,0.0,1.0,-3.9565358340496597,-21.900944339667706,0.0,0.0,0.0,0.0,1.0,-3.3512098780800796,-21.632622158648587,0.0,0.0,0.0,0.0,1.0,-2.704244796915553,-21.49172329580321,0.0,0.0,0.0,0.0,1.0,-2.0421594448397906,-21.48402314229459,0.0,0.0,0.0,0.0,1.0,-1.3920924503294216,-21.609837324506287,0.0,0.0,0.0,0.0,1.0,-0.7806898139244431,-21.86400876663617,0.0,0.0,0.0,0.0,1.0,-0.23301269873170494,-22.236119077285455,0.0,0.0,0.0,0.0,1.0,0.22848981718390338,-22.71091559538653,0.0,0.0,0.0,0.0,1.0,0.5849009200291198,-23.268936591018413,0.0,0.0,0.0,0.0,1.0
3.710597276687622,-4.255526710154619,-22.150946085798946,0.0,0.0,0.0,0.0,1.0,-3.649614591006908,-21.776889104768895,0.0,0.0,0.0,0.0,1.0,-2.9852574143505435,-21.520612568557382,0.0,0.0,0.0,0.0,1.0,-2.285106768615793,-21.39085435315427,0.0,0.0,0.0,0.0,1.0,-1.573034638367031,-21.392038629463453,0.0,0.0,0.0,0.0,1.0,-0.873319477113613,-21.524125018995043,0.0,0.0,0.0,0.0,1.0,-0.20981842135988416,-21.78260997059005,0.0,0.0,0.0,0.0,1.0,0.3948461303319517,-22.158680311237514,0.0,0.0,0.0,0.0,1.0,0.920057839274576,-22.639513735592512,0.0,0.0,0.0,0.0,1.0,1.3479093509789468,-23.20871598885551,0.0,0.0,0.0,0.0,1.0
4.077903509140015,-4.111768057674252,-22.125714866146136,0.0,0.0,0.0,0.0,1.0,-3.451611967571955,-21.773068498354473,0.0,0.0,0.0,0.0,1.0,-2.740262966498462,-21.54037100655977,0.0,0.0,0.0,0.0,1.0,-1.9993199234577408,-21.434687843353142,0.0,0.0,0.0,0.0,1.0,-1.251280278808725,-21.45922789325482,0.0,0.0,0.0,0.0,1.0,-0.5188569488135681,-21.613246040544706,0.0,0.0,0.0,0.0,1.0,0.17571131236325854,-21.892065793398775,0.0,0.0,0.0,0.0,1.0,0.8113351535525926,-22.287221277388962,0.0,0.0,0.0,0.0,1.0,1.3687149678653663,-22.78671428696213,0.0,0.0,0.0,0.0,1.0,1.8309268915207495,-23.375378589979217,0.0,0.0,0.0,0.0,1.0
4.448469400405884,-3.847136878302944,-22.00981993648009,0.0,0.0,0.0,0.0,1.0,-3.2246351607332846,-21.674532463925214,0.0,0.0,0.0,0.0,1.0,-2.579091225275385,-21.386089913279616,0.0,0.0,0.0,0.0,1.0,-1.9140243108662145,-21.14606475420733,0.0,0.0,0.0,0.0,1.0,-1.2330600876613111,-20.95576550474913,0.0,0.0,0.0,0.0,1.0,-0.5399108913784376,-20.816229597822566,0.0,0.0,0.0,0.0,1.0,0.1616445148236174,-20.728217725566147,0.0,0.0,0.0,0.0,1.0,0.8677815406012153,-20.692209692359935,0.0,0.0,0.0,0.0,1.0,1.5746506185129245,-20.708401799130243,0.0,0.0,0.0,0.0,1.0,2.278398190271406,-20.776705773198035,0.0,0.0,0.0,0.0,1.0
4.811595678329468,-3.6819647244172167,-21.960956913295558,0.0,0.0,0.0,0.0,1.0,-3.079729858938218,-21.645602580202688,0.0,0.0,0.0,0.0,1.0,-2.4614722927238484,-21.362949488201835,0.0,0.0,0.0,0.0,1.0,-1.8289661174445218,-21.113808711064745,0.0,0.0,0.0,0.0,1.0,-1.1840263111908715,-20.89889515888978,0.0,0.0,0.0,0.0,1.0,-0.528503530389473,-20.71882552666558,0.0,0.0,0.0,0.0,1.0,0.13572120066051907,-20.574116524663207,0.0,0.0,0.0,0.0,1.0,0.8067418873914134,-20.465183395734694,0.0,0.0,0.0,0.0,1.0,1.4826330342232783,-20.392338723772617,0.0,0.0,0.0,0.0,1.0,2.1614551697784457,-20.355791536749827,0.0,0.0,0.0,0.0,1.0
5.180845022201538,-3.3835094891259723,-21.834385447055247,0.0,0.0,0.0,0.0,1.0,-2.7349557464374747,-21.54469857743768,0.0,0.0,0.0,0.0,1.0,-2.0586276918932773,-21.327625312799807,0.0,0.0,0.0,0.0,1.0,-1.3626274052394276,-21.185766084824177,0.0,0.0,0.0,0.0,1.0,-0.6552926299538937,-21.120820297771854,0.0,0.0,0.0,0.0,1.0,0.054903108847798254,-21.133565970449443,0.0,0.0,0.0,0.0,1.0,0.7594520131046081,-21.22385041592379,0.0,0.0,0.0,0.0,1.0,1.4499139310751974,-21.390592070636878,0.0,0.0,0.0,0.0,1.0,2.118017466233247,-21.63179345100896,0.0,0.0,0.0,0.0,1.0,2.755759064557751,-21.9445650823162,0.0,0.0,0.0,0.0,1.0
5.552473783493042,-3.259430382283562,-21.8186446768412,0.0,0.0,0.0,0.0,1.0,-2.5898865035864915,-21.566037361415408,0.0,0.0,0.0,0.0,1.0,-1.8932137204258443,-21.402493806022534,0.0,0.0,0.0,0.0,1.0,-1.1812046446008293,-21.33078231984248,0.0,0.0,0.0,0.0,1.0,-0.4659114860321858,-21.3521167664544,0.0,0.0,0.0,0.0,1.0,0.24055795554179182,-21.466136016712834,0.0,0.0,0.0,0.0,1.0,0.9262452398405907,-21.670910061597148,0.0,0.0,0.0,0.0,1.0,1.5795437071024994,-21.962972681561745,0.0,0.0,0.0,0.0,1.0,2.1893949445408376,-22.33738011939154,0.0,0.0,0.0,0.0,1.0,2.7454759725987588,-22.787794763404573,0.0,0.0,0.0,0.0,1.0
5.911022186279297,-2.9049296458134974,-21.721946056605237,0.0,0.0,0.0,0.0,1.0,-2.21125003769045,-21.503538807787645,0.0,0.0,0.0,0.0,1.0,-1.4936455722524313,-21.385483921208436,0.0,0.0,0.0,0.0,1.0,-0.76655671141113,-21.37015703299481,0.0,0.0,0.0,0.0,1.0,-0.0446147729844788,-21.457866568409063,0.0,0.0,0.0,0.0,1.0,0.6576524974986011,-21.64684753536092,0.0,0.0,0.0,0.0,1.0,1.3261132707928112,-21.933297041607176,0.0,0.0,0.0,0.0,1.0,1.9473160108485188,-22.31145082092069,0.0,0.0,0.0,0.0,1.0,2.508760162082178,-22.773699228281203,0.0,0.0,0.0,0.0,1.0,2.9991476999246687,-23.310740369899417,0.0,0.0,0.0,0.0,1.0
6.263120412826538,-2.69708395533159,-21.68852378367827,0.0,0.0,0.0,0.0,1.0,-1.9852806194660553,-21.50272799649432,0.0,0.0,0.0,0.0,1.0,-1.2539062217407322,-21.423509603197505,0.0,0.0,0.0,0.0,1.0,-0.5188289826065544,-21.452587360873824,0.0,0.0,0.0,0.0,1.0,0.20400253901053889,-21.589330385709918,0.0,0.0,0.0,0.0,1.0,0.8989054726551737,-21.830771840925646,0.0,0.0,0.0,0.0,1.0,1.5508028987942506,-22.1716733065691,0.0,0.0,0.0,0.0,1.0,2.1455509642910666,-22.604638434578742,0.0,0.0,0.0,0.0,1.0,2.6702457536607165,-23.120273423202423,0.0,0.0,0.0,0.0,1.0,3.113503258093119,-23.707390829049814,0.0,0.0,0.0,0.0,1.0
6.604231357574463,-2.545870173798634,-21.68625147031397,0.0,0.0,0.0,0.0,1.0,-1.8381908220303615,-21.534524127578845,0.0,0.0,0.0,0.0,1.0,-1.1168774356232254,-21.475040936318667,0.0,0.0,0.0,0.0,1.0,-0.3939028137985843,-21.508789234796428,0.0,0.0,0.0,0.0,1.0,0.3187326700242332,-21.635208848184714,0.0,0.0,0.0,0.0,1.0,1.009200257740063,-21.85220138668894,0.0,0.0,0.0,0.0,1.0,1.6660391474944518,-22.15616507590008,0.0,0.0,0.0,0.0,1.0,2.278346727058085,-22.542054541241583,0.0,0.0,0.0,0.0,1.0,2.835959542029613,-23.003464554171682,0.0,0.0,0.0,0.0,1.0,3.3296219950463346,-23.532736350070667,0.0,0.0,0.0,0.0,1.0
6.981510877609253,-2.2047879373833936,-21.641597614765814,0.0,0.0,0.0,0.0,1.0,-1.5412635061678572,-21.50891620367664,0.0,0.0,0.0,0.0,1.0,-0.8694693475956043,-21.427912276755077,0.0,0.0,0.0,0.0,1.0,-0.19342410239203067,-21.399070395641754,0.0,0.0,0.0,0.0,1.0,0.4828281589192991,-21.422563091098596,0.0,0.0,0.0,0.0,1.0,1.1552421274543039,-21.498249830938025,0.0,0.0,0.0,0.0,1.0,1.8197954548138506,-21.6256778606798,0.0,0.0,0.0,0.0,1.0,2.4725128145806927,-21.804084911906813,0.0,0.0,0.0,0.0,1.0,3.1094896825331473,-22.032403762118523,0.0,0.0,0.0,0.0,1.0,3.726915693323398,-22.309268618805234,0.0,0.0,0.0,0.0,1.0
7.340414524078369,-2.0777640720715116,-21.651477654386376,0.0,0.0,0.0,0.0,1.0,-1.446684975722487,-21.533383933005272,0.0,0.0,0.0,0.0,1.0,-0.8101549038240166,-21.44950055892395,0.0,0.0,0.0,0.0,1.0,-0.17002699084471895,-21.400071742398485,0.0,0.0,0.0,0.0,1.0,0.4718351543267789,-21.385241385889557,0.0,0.0,0.0,0.0,1.0,1.113562873919491,-21.405052665118227,0.0,0.0,0.0,0.0,1.0,1.753287901516563,-21.45944790336814,0.0,0.0,0.0,0.0,1.0,2.3891478011524105,-21.54826873940017,0.0,0.0,0.0,0.0,1.0,3.0192913894356295,-21.67125658849059,0.0,0.0,0.0,0.0,1.0,3.6418841249122016,-21.82805339525061,0.0,0.0,0.0,0.0,1.0
7.7144317626953125,-1.8381154734014196,-21.634773711704046,0.0,0.0,0.0,0.0,1.0,-1.2492486201999644,-21.532628375810262,0.0,0.0,0.0,0.0,1.0,-0.6566027515935571,-21.455370917477786,0.0,0.0,0.0,0.0,1.0,-0.06122925194455031,-21.403138395425607,0.0,0.0,0.0,0.0,1.0,0.5358156554264375,-21.376023472844008,0.0,0.0,0.0,0.0,1.0,1.1334727820352128,-21.374074253005272,0.0,0.0,0.0,0.0,1.0,1.7306818532890533,-21.39729419392601,0.0,0.0,0.0,0.0,1.0,2.326383389468564,-21.44564210223246,0.0,0.0,0.0,0.0,1.0,2.919520585299388,-21.519032206239636,0.0,0.0,0.0,0.0,1.0,3.5090411847793153,-21.61733430811475,0.0,0.0,0.0,0.0,1.0
8.087338924407959,-1.733218693144194,-21.62677906551888,0.0,0.0,0.0,0.0,1.0,-1.1756088198709973,-21.534432714148636,0.0,0.0,0.0,0.0,1.0,-0.6154013088133903,-21.45943828810384,0.0,0.0,0.0,0.0,1.0,-0.053135991073557154,-21.401868054040815,0.0,0.0,0.0,0.0,1.0,0.5106453192881686,-21.361777488193447,0.0,0.0,0.0,0.0,1.0,1.0753993473599799,-21.339205222914778,0.0,0.0,0.0,0.0,1.0,1.6405818808929884,-21.33417300944985,0.0,0.0,0.0,0.0,1.0,2.205648294718859,-21.346685696975594,0.0,0.0,0.0,0.0,1.0,2.7700540755653456,-21.37673122792805,0.0,0.0,0.0,0.0,1.0,3.3332553467639996,-21.42428064962135,0.0,0.0,0.0,0.0,1.0
8.449326992034912,-1.4594712378891534,-21.623214405478674,0.0,0.0,0.0,0.0,1.0,-0.9364988590621007,-21.544198540334794,0.0,0.0,0.0,0.0,1.0,-0.4112501922695959,-21.48209013516159,0.0,0.0,0.0,0.0,1.0,0.11572829672042606,-21.43695380719558,0.0,0.0,0.0,0.0,1.0,0.6438883424427151,-21.4088365160193,0.0,0.0,0.0,0.0,1.0,1.1726804501470216,-21.39776751470484,0.0,0.0,0.0,0.0,1.0,1.7015544674893537,-21.403758319379104,0.0,0.0,0.0,0.0,1.0,2.229960156907391,-21.426802697242508,0.0,0.0,0.0,0.0,1.0,2.7573477680845597,-21.466876673053516,0.0,0.0,0.0,0.0,1.0,3.2831686099071806,-21.523938554072394,0.0,0.0,0.0,0.0,1.0
8.814207792282104,-1.3645263879208176,-21.61601200740111,0.0,0.0,0.0,0.0,1.0,-0.87093616838494,-21.545103737764684,0.0,0.0,0.0,0.0,1.0,-0.37576012723785135,-21.486282178807055,0.0,0.0,0.0,0.0,1.0,0.12070580912804041,-21.43958248338356,0.0,0.0,0.0,0.0,1.0,0.6181649434550052,-21.40503256009891,0.0,0.0,0.0,0.0,1.0,1.1163199849317784,-21.38265305662848,0.0,0.0,0.0,0.0,1.0,1.6148732268600667,-21.3724573473789,0.0,0.0,0.0,0.0,1.0,2.1135267245695983,-21.37445152549525,0.0,0.0,0.0,0.0,1.0,2.611982473475382,-21.38863439921967,0.0,0.0,0.0,0.0,1.0,3.109942587170785,-21.414997492603597,0.0,0.0,0.0,0.0,1.0
9.180994987487793,-1.1221488474219217,-21.60881954681452,0.0,0.0,0.0,0.0,1.0,-0.6570756402772207,-21.545177495972524,0.0,0.0,0.0,0.0,1.0,-0.19086767833703489,-21.49046429041106,0.0,0.0,0.0,0.0,1.0,0.27630363133720826,-21.44470004610959,0.0,0.0,0.0,0.0,1.0,0.7442665274975,-21.40790158885246,0.0,0.0,0.0,0.0,1.0,1.2128489578593755,-21.38008244804274,0.0,0.0,0.0,0.0,1.0,1.6818786423590382,-21.36125285172791,0.0,0.0,0.0,0.0,1.0,2.1511831364942378,-21.351419722839452,0.0,0.0,0.0,0.0,1.0,2.620589894725598,-21.350586676647513,0.0,0.0,0.0,0.0,1.0,3.089926333915097,-21.358754019431714,0.0,0.0,0.0,0.0,1.0
9.551545143127441,-1.0167656741407383,-21.605771201245478,0.0,0.0,0.0,0.0,1.0,-0.5774935177735445,-21.551076060771425,0.0,0.0,0.0,0.0,1.0,-0.137085584803731,-21.50643932334341,0.0,0.0,0.0,0.0,1.0,0.3042278391102362,-21.47188432914153,0.0,0.0,0.0,0.0,1.0,0.7462159948361817,-21.4474291466859,0.0,0.0,0.0,0.0,1.0,1.188647770430256,-21.433086563388752,0.0,0.0,0.0,0.0,1.0,1.6312918219834578,-21.428864078868042,0.0,0.0,0.0,0.0,1.0,2.0739166945894447,-21.43476390102593,0.0,0.0,0.0,0.0,1.0,2.516290943370388,-21.45078294489431,0.0,0.0,0.0,0.0,1.0,2.95818325449758,-21.476912834247884,0.0,0.0,0.0,0.0,1.0
9.91626262664795,-0.8129659468344818,-21.599286133326018,0.0,0.0,0.0,0.0,1.0,-0.3991797341658604,-21.551579533564613,0.0,0.0,0.0,0.0,1.0,0.015558684109150622,-21.513017974179938,0.0,0.0,0.0,0.0,1.0,0.4310472194174678,-21.483620244968563,0.0,0.0,0.0,0.0,1.0,0.8470834176783179,-21.46340067048999,0.0,0.0,0.0,0.0,1.0,1.2634645579525423,-21.452369103086735,0.0,0.0,0.0,0.0,1.0,1.6799877512219332,-21.45053091808363,0.0,0.0,0.0,0.0,1.0,2.0964500392504672,-21.457887011168577,0.0,0.0,0.0,0.0,1.0,2.5126484934792686,-21.474433797956117,0.0,0.0,0.0,0.0,1.0,2.928380313907111,-21.50016321573399,0.0,0.0,0.0,0.0,1.0
10.29063606262207,-0.709773957937089,-21.594777870267954,0.0,0.0,0.0,0.0,1.0,-0.26229999207215193,-21.519779410364862,0.0,0.0,0.0,0.0,1.0,0.17849760470641374,-21.412284304481048,0.0,0.0,0.0,0.0,1.0,0.6102621345801029,-21.272867268729733,0.0,0.0,0.0,0.0,1.0,1.0306851944788962,-21.102273687900716,0.0,0.0,0.0,0.0,1.0,1.437519017819323,-20.901415630305454,0.0,0.0,0.0,0.0,1.0,1.8285884920532065,-20.671366971458752,0.0,0.0,0.0,0.0,1.0,2.2018027877759687,-20.41335765266795,0.0,0.0,0.0,0.0,1.0,2.5551665372201984,-20.12876710522576,0.0,0.0,0.0,0.0,1.0,2.88679050236931,-19.819116875363886,0.0,0.0,0.0,0.0,1.0
10.651841878890991,-0.5003354683686898,-21.584494498575832,0.0,0.0,0.0,0.0,1.0,0.015689429037037628,-21.458647809340313,0.0,0.0,0.0,0.0,1.0,0.5088711941602144,-21.261440227122687,0.0,0.0,0.0,0.0,1.0,0.9693954819582635,-20.996796193972052,0.0,0.0,0.0,0.0,1.0,1.3880978330359577,-20.669982141128322,0.0,0.0,0.0,0.0,1.0,1.7566460469061451,-20.287501686742445,0.0,0.0,0.0,0.0,1.0,2.0677059932510806,-19.856966213507057,0.0,0.0,0.0,0.0,1.0,2.315087561530909,-19.38694340171007,0.0,0.0,0.0,0.0,1.0,2.4938678445337903,-18.88678673191195,0.0,0.0,0.0,0.0,1.0,2.6004891045080827,-18.36644935015313,0.0,0.0,0.0,0.0,1.0
11.025943279266357,-0.2713690262411331,-21.539887595126757,0.0,0.0,0.0,0.0,1.0,0.26783085825975683,-21.36354102285452,0.0,0.0,0.0,0.0,1.0,0.7687870753412706,-21.09731274192757,0.0,0.0,0.0,0.0,1.0,1.2166479808755737,-20.749095513330342,0.0,0.0,0.0,0.0,1.0,1.5981360257257062,-20.32921279085374,0.0,0.0,0.0,0.0,1.0,1.9019413898156854,-19.850112665881834,0.0,0.0,0.0,0.0,1.0,2.119057279741731,-19.3259988239166,0.0,0.0,0.0,0.0,1.0,2.2430469494934537,-18.772409453721686,0.0,0.0,0.0,0.0,1.0,2.270234528030849,-18.205756592993698,0.0,0.0,0.0,0.0,1.0,2.199813996329964,-17.64283956739143,0.0,0.0,0.0,0.0,1.0
11.386167764663696,-0.10764210450290759,-21.4807166933088,0.0,0.0,0.0,0.0,1.0,0.44677534718524026,-21.26554991459164,0.0,0.0,0.0,0.0,1.0,0.9608977376167004,-20.966629154093248,0.0,0.0,0.0,0.0,1.0,1.4221677749852681,-20.591255465582854,0.0,0.0,0.0,0.0,1.0,1.8193190710369047,-20.148597243650396,0.0,0.0,0.0,0.0,1.0,2.1426513193687953,-19.64946628830046,0.0,0.0,0.0,0.0,1.0,2.384267222628742,-19.106053729840703,0.0,0.0,0.0,0.0,1.0,2.5382653817360548,-18.53163226402361,0.0,0.0,0.0,0.0,1.0,2.6008844358600847,-17.940231970262683,0.0,0.0,0.0,0.0,1.0,2.570594932578804,-17.346297630970138,0.0,0.0,0.0,0.0,1.0
11.71984076499939,0.14582200821741276,-21.39323844089489,0.0,0.0,0.0,0.0,1.0,0.6852120998669259,-21.155100437127906,0.0,0.0,0.0,0.0,1.0,1.184983915178797,-20.842243421180253,0.0,0.0,0.0,0.0,1.0,1.6348552076024836,-20.461104076503222,0.0,0.0,0.0,0.0,1.0,2.0255703780765892,-20.019523919148767,0.0,0.0,0.0,0.0,1.0,2.3490908986354166,-19.526587967340486,0.0,0.0,0.0,0.0,1.0,2.598760696137925,-18.99243782737715,0.0,0.0,0.0,0.0,1.0,2.769443093533723,-18.428063041417484,0.0,0.0,0.0,0.0,1.0,2.857626491252582,-17.84507498993225,0.0,0.0,0.0,0.0,1.0,2.8614966144409992,-17.255468000528037,0.0,0.0,0.0,0.0,1.0
12.08461856842041,0.22844832600054954,-21.35642796525446,0.0,0.0,0.0,0.0,1.0,0.7522774905225525,-21.094492471914478,0.0,0.0,0.0,0.0,1.0,1.2325213789076224,-20.759271643289722,0.0,0.0,0.0,0.0,1.0,1.6590006911099047,-20.357870855375012,0.0,0.0,0.0,0.0,1.0,2.0226757267037354,-19.89879824155351,0.0,0.0,0.0,0.0,1.0,2.3158379913260836,-19.391784353305294,0.0,0.0,0.0,0.0,1.0,2.532273586735062,-18.847575910413195,0.0,0.0,0.0,0.0,1.0,2.667394921251618,-18.277708012358264,0.0,0.0,0.0,0.0,1.0,2.718337948836007,-17.694259639136078,0.0,0.0,0.0,0.0,1.0,2.684022875709346,-17.10959762392439,0.0,0.0,0.0,0.0,1.0
12.460366249084473,0.5217964263258296,-21.24103071947052,0.0,0.0,0.0,0.0,1.0,1.0272679525803876,-20.959354667340097,0.0,0.0,0.0,0.0,1.0,1.4929778651580374,-20.61590577809337,0.0,0.0,0.0,0.0,1.0,1.9114200296103792,-20.216219629714004,0.0,0.0,0.0,0.0,1.0,2.2758501549948504,-19.766738210843158,0.0,0.0,0.0,0.0,1.0,2.5803944957795113,-19.27470609126769,0.0,0.0,0.0,0.0,1.0,2.820144522629487,-18.748053656712102,0.0,0.0,0.0,0.0,1.0,2.9912360362075066,-18.1952692899112,0.0,0.0,0.0,0.0,1.0,3.0909114488625176,-17.62526255810012,0.0,0.0,0.0,0.0,1.0,3.1175642303739197,-17.047220612013508,0.0,0.0,0.0,0.0,1.0
12.817948818206787,0.6764746633652475,-21.165738359204635,0.0,0.0,0.0,0.0,1.0,1.1684155490934132,-20.864674310815516,0.0,0.0,0.0,0.0,1.0,1.6193485042740325,-20.505084452483093,0.0,0.0,0.0,0.0,1.0,2.0223506046377944,-20.092489368428698,0.0,0.0,0.0,0.0,1.0,2.371234781820902,-19.633223402789262,0.0,0.0,0.0,0.0,1.0,2.6606448100038604,-19.13433741193504,0.0,0.0,0.0,0.0,1.0,2.8861375370841857,-18.603490516571284,0.0,0.0,0.0,0.0,1.0,3.0442510979333206,-18.048832515493988,0.0,0.0,0.0,0.0,1.0,3.132558062497342,-17.478878766236253,0.0,0.0,0.0,0.0,1.0,3.1497027027880735,-16.902379453493594,0.0,0.0,0.0,0.0,1.0
13.183574438095093,0.9628654254462294,-21.012037133318138,0.0,0.0,0.0,0.0,1.0,1.4423460286920646,-20.688202014188953,0.0,0.0,0.0,0.0,1.0,1.8784894753007602,-20.308005055691524,0.0,0.0,0.0,0.0,1.0,2.2647103555476216,-19.87718692128706,0.0,0.0,0.0,0.0,1.0,2.5951770496744393,-19.40225261283662,0.0,0.0,0.0,0.0,1.0,2.864899780583536,-18.890373250387476,0.0,0.0,0.0,0.0,1.0,3.0698059553954105,-18.34927779411902,0.0,0.0,0.0,0.0,1.0,3.2068016582740047,-17.78713634335844,0.0,0.0,0.0,0.0,1.0,3.273818366028168,-17.21243677475568,0.0,0.0,0.0,0.0,1.0,3.269844181121912,-16.6338565822804,0.0,0.0,0.0,0.0,1.0
13.55412244796753,1.1181040364436556,-20.930630807660265,0.0,0.0,0.0,0.0,1.0,1.5851464456825648,-20.584830344137732,0.0,0.0,0.0,0.0,1.0,2.007209982386085,-20.185369528055105,0.0,0.0,0.0,0.0,1.0,2.378167492580161,-19.73804738660591,0.0,0.0,0.0,0.0,1.0,2.6926337354535557,-19.249357756377098,0.0,0.0,0.0,0.0,1.0,2.9460435616337897,-18.7263950114369,0.0,0.0,0.0,0.0,1.0,3.13471818608373,-18.1767510733381,0.0,0.0,0.0,0.0,1.0,3.2559185935261246,-17.608405198156554,0.0,0.0,0.0,0.0,1.0,3.3078853011022593,-17.029608140541555,0.0,0.0,0.0,0.0,1.0,3.2898639010247894,-16.44876237638438,0.0,0.0,0.0,0.0,1.0
13.922182559967041,1.332566104141575,-20.790682222266266,0.0,0.0,0.0,0.0,1.0,1.7928966022714832,-20.422405948155205,0.0,0.0,0.0,0.0,1.0,2.2078242707092657,-20.003637979530048,0.0,0.0,0.0,0.0,1.0,2.571844112847545,-19.53993426366045,0.0,0.0,0.0,0.0,1.0,2.8801265447650226,-19.03744692675264,0.0,0.0,0.0,0.0,1.0,3.1285814710766173,-18.50284265144879,0.0,0.0,0.0,0.0,1.0,3.3139125497196735,-17.943214227518542,0.0,0.0,0.0,0.0,1.0,3.433660925725534,-17.365986449232004,0.0,0.0,0.0,0.0,1.0,3.4862378537445986,-16.77881760790803,0.0,0.0,0.0,0.0,1.0,3.4709457765099314,-16.189497886572063,0.0,0.0,0.0,0.0,1.0
14.291430711746216,1.5376782163645453,-20.642164018747728,0.0,0.0,0.0,0.0,1.0,1.9899646378145839,-20.246850281021324,0.0,0.0,0.0,0.0,1.0,2.392930929626667,-19.80136837799212,0.0,0.0,0.0,0.0,1.0,2.7410499011739944,-19.311828655485222,0.0,0.0,0.0,0.0,1.0,3.029546661961644,-18.784945767854264,0.0,0.0,0.0,0.0,1.0,3.254464115268407,-18.22794657803322,0.0,0.0,0.0,0.0,1.0,3.4127172347161947,-17.648471032001854,0.0,0.0,0.0,0.0,1.0,3.502135379295458,-17.054467367296574,0.0,0.0,0.0,0.0,1.0,3.521492066442699,-16.454083092913923,0.0,0.0,0.0,0.0,1.0,3.470521794794802,-15.855553235954854,0.0,0.0,0.0,0.0,1.0
14.650248289108276,1.8015204480667935,-20.44563422196164,0.0,0.0,0.0,0.0,1.0,2.2443923573486653,-20.024269957261005,0.0,0.0,0.0,0.0,1.0,2.6336166907978225,-19.552901958931955,0.0,0.0,0.0,0.0,1.0,2.9635913311232667,-19.0383146404526,0.0,0.0,0.0,0.0,1.0,3.229566943611578,-18.487914472248463,0.0,0.0,0.0,0.0,1.0,3.4277153334412733,-17.90962338014555,0.0,0.0,0.0,0.0,1.0,3.5551845450035877,-17.311764724858733,0.0,0.0,0.0,0.0,1.0,3.610139910183516,-16.7029435036159,0.0,0.0,0.0,0.0,1.0,3.59179045479201,-16.091922498179496,0.0,0.0,0.0,0.0,1.0,3.5004002830807703,-15.487496151870644,0.0,0.0,0.0,0.0,1.0
14.98452615737915,1.9824007561573607,-20.2895318168276,0.0,0.0,0.0,0.0,1.0,2.418473305168672,-19.84438299870802,0.0,0.0,0.0,0.0,1.0,2.7987156644314295,-19.350690294187512,0.0,0.0,0.0,0.0,1.0,3.1177681273692497,-18.8154125493038,0.0,0.0,0.0,0.0,1.0,3.3711334896539924,-18.246094772074947,0.0,0.0,0.0,0.0,1.0,3.5552404395541135,-17.650761781830866,0.0,0.0,0.0,0.0,1.0,3.667493897362948,-17.037805095364,0.0,0.0,0.0,0.0,1.0,3.706311594347453,-16.41586464429549,0.0,0.0,0.0,0.0,1.0,3.6711463756188065,-15.79370699090991,0.0,0.0,0.0,0.0,1.0,3.562493912554719,-15.180101759067329,0.0,0.0,0.0,0.0,1.0
15.342771530151367,2.1316647517050993,-20.15780914730278,0.0,0.0,0.0,0.0,1.0,2.556187564611624,-19.684812865249622,0.0,0.0,0.0,0.0,1.0,2.91984439599376,-19.163565505061314,0.0,0.0,0.0,0.0,1.0,3.217204108356076,-18.601851785291203,0.0,0.0,0.0,0.0,1.0,3.443825697586801,-18.008060780973423,0.0,0.0,0.0,0.0,1.0,3.5963246184104705,-17.391060634570042,0.0,0.0,0.0,0.0,1.0,3.6724233318523574,-16.760066112147967,0.0,0.0,0.0,0.0,1.0,3.67098531979906,-16.12450098280597,0.0,0.0,0.0,0.0,1.0,3.592032058655,-15.493857276685869,0.0,0.0,0.0,0.0,1.0,3.4367426985968876,-14.877553523519529,0.0,0.0,0.0,0.0,1.0
15.68010926246643,2.2882296638940254,-19.998927862470474,0.0,0.0,0.0,0.0,1.0,2.7011901064018953,-19.504772315988614,0.0,0.0,0.0,0.0,1.0,3.0529316866227374,-18.96532455026998,0.0,0.0,0.0,0.0,1.0,3.3385359849683924,-18.388127689604946,0.0,0.0,0.0,0.0,1.0,3.554009382673164,-17.7812527057107,0.0,0.0,0.0,0.0,1.0,3.69633890475885,-17.15318556094197,0.0,0.0,0.0,0.0,1.0,3.763534350610101,-16.51270854866758,0.0,0.0,0.0,0.0,1.0,3.754656123046219,-15.868777490035985,0.0,0.0,0.0,0.0,1.0,3.669828366754138,-15.230396504293509,0.0,0.0,0.0,0.0,1.0,3.510237232367243,-14.606492103747893,0.0,0.0,0.0,0.0,1.0
16.083291053771973,2.4522779223674944,-19.826850744998886,0.0,0.0,0.0,0.0,1.0,2.845463962104882,-19.306890096293674,0.0,0.0,0.0,0.0,1.0,3.1721212180561005,-18.742754141774967,0.0,0.0,0.0,0.0,1.0,3.4273473549422957,-18.142909197563164,0.0,0.0,0.0,0.0,1.0,3.6073120458010415,-17.516357485339476,0.0,0.0,0.0,0.0,1.0,3.7093144559290776,-16.872502030773482,0.0,0.0,0.0,0.0,1.0,3.731823775878311,-16.221005546852243,0.0,0.0,0.0,0.0,1.0,3.6745021952028383,-15.571645419930995,0.0,0.0,0.0,0.0,1.0,3.538209972176632,-14.934166974813916,0.0,0.0,0.0,0.0,1.0,3.3249925233976754,-14.318137221001239,0.0,0.0,0.0,0.0,1.0
16.449218273162842,2.7024019487964477,-19.534737922442943,0.0,0.0,0.0,0.0,1.0,3.076963561730826,-18.79156960331429,0.0,0.0,0.0,0.0,1.0,3.1808604659225512,-17.965857192277685,0.0,0.0,0.0,0.0,1.0,3.002080849279311,-17.153063613862226,0.0,0.0,0.0,0.0,1.0,2.5612939240145076,-16.44715821017409,0.0,0.0,0.0,0.0,1.0,1.9094603011320892,-15.929752682062444,0.0,0.0,0.0,0.0,1.0,1.1219402914558152,-15.660665731802885,0.0,0.0,0.0,0.0,1.0,0.2897812890226761,-15.671007255384676,0.0,0.0,0.0,0.0,1.0,-0.49080847315099607,-15.959581640301563,0.0,0.0,0.0,0.0,1.0,-1.1295828263525074,-16.493025993662343,0.0,0.0,0.0,0.0,1.0
16.816805601119995,2.7897633060937594,-19.338011658928885,0.0,0.0,0.0,0.0,1.0,2.8801409583097275,-18.49330620255542,0.0,0.0,0.0,0.0,1.0,2.3986775097535666,-17.79338593870276,0.0,0.0,0.0,0.0,1.0,1.5775102591854009,-17.575716982162117,0.0,0.0,0.0,0.0,1.0,0.8125644797465759,-17.945248283361217,0.0,0.0,0.0,0.0,1.0,0.4726582976508271,-18.723810557954756,0.0,0.0,0.0,0.0,1.0,0.7216772647094047,-19.53602049515834,0.0,0.0,0.0,0.0,1.0,1.439557042650384,-19.990271584832964,0.0,0.0,0.0,0.0,1.0,2.2801723482658995,-19.867546949929835,0.0,0.0,0.0,0.0,1.0,2.838221040911229,-19.227018195942936,0.0,0.0,0.0,0.0,1.0
17.18702483177185,2.8357255505651473,-18.958548740725988,0.0,0.0,0.0,0.0,1.0,2.5896394930653415,-18.396799172689487,0.0,0.0,0.0,0.0,1.0,1.9812134681040399,-18.319736230656495,0.0,0.0,0.0,0.0,1.0,1.602843479024063,-18.802392501980727,0.0,0.0,0.0,0.0,1.0,1.8229307120338771,-19.37482811823034,0.0,0.0,0.0,0.0,1.0,2.427186507751946,-19.479689256056105,0.0,0.0,0.0,0.0,1.0,2.827275220274748,-19.01487752320415,0.0,0.0,0.0,0.0,1.0,2.6336491567728086,-18.432958394443343,0.0,0.0,0.0,0.0,1.0,2.0348329717739286,-18.30051934631788,0.0,0.0,0.0,0.0,1.0,1.6138660162869582,-18.746510094285846,0.0,0.0,0.0,0.0,1.0
17.5549955368042,2.6892099225360155,-18.854630345135426,0.0,0.0,0.0,0.0,1.0,2.2976448603787007,-18.49496194661635,0.0,0.0,0.0,0.0,1.0,1.79824854211023,-18.67741158924531,0.0,0.0,0.0,0.0,1.0,1.730758056322307,-19.204791517877077,0.0,0.0,0.0,0.0,1.0,2.168115707501908,-19.50712054352662,0.0,0.0,0.0,0.0,1.0,2.637634499999054,-19.25764778291424,0.0,0.0,0.0,0.0,1.0,2.631868349749369,-18.725998174330883,0.0,0.0,0.0,0.0,1.0,2.157049191259175,-18.48676748749033,0.0,0.0,0.0,0.0,1.0,1.7263516332233002,-18.79851124171401,0.0,0.0,0.0,0.0,1.0,1.8052645820154385,-19.32430331212632,0.0,0.0,0.0,0.0,1.0
17.91996955871582,2.4618305798244906,-18.717527502326366,0.0,0.0,0.0,0.0,1.0,2.045046443478064,-18.580959751131804,0.0,0.0,0.0,0.0,1.0,1.7317467764437708,-18.887884962889615,0.0,0.0,0.0,0.0,1.0,1.8597194598290185,-19.30738795368176,0.0,0.0,0.0,0.0,1.0,2.2909891744465054,-19.387176425468905,0.0,0.0,0.0,0.0,1.0,2.56057718455282,-19.04122545815808,0.0,0.0,0.0,0.0,1.0,2.3778238684260957,-18.64252633297587,0.0,0.0,0.0,0.0,1.0,1.9397669567608928,-18.620941404930566,0.0,0.0,0.0,0.0,1.0,1.7187028850961843,-18.9997427291038,0.0,0.0,0.0,0.0,1.0,1.9529745953937452,-19.370521008848762,0.0,0.0,0.0,0.0,1.0
18.264512062072754,2.2902663460965527,-18.76425446852198,0.0,0.0,0.0,0.0,1.0,1.860523544214826,-18.784173381816867,0.0,0.0,0.0,0.0,1.0,1.6571237873065394,-19.163256720629928,0.0,0.0,0.0,0.0,1.0,1.8781417166502783,-19.532345752957646,0.0,0.0,0.0,0.0,1.0,2.3083457718138614,-19.532014396933384,0.0,0.0,0.0,0.0,1.0,2.528794872442203,-19.162585333501497,0.0,0.0,0.0,0.0,1.0,2.3248113945751405,-18.783815773434608,0.0,0.0,0.0,0.0,1.0,1.895038418319672,-18.764558884887315,0.0,0.0,0.0,0.0,1.0,1.6579972310017008,-19.12356740065107,0.0,0.0,0.0,0.0,1.0,1.844523153468871,-19.511231842048236,0.0,0.0,0.0,0.0,1.0
18.609214305877686,2.175893564363087,-18.844463622050238,0.0,0.0,0.0,0.0,1.0,1.7241917229370058,-19.02907008330286,0.0,0.0,0.0,0.0,1.0,1.6239202310984884,-19.50662607688728,0.0,0.0,0.0,0.0,1.0,1.9632263317074425,-19.857318918521486,0.0,0.0,0.0,0.0,1.0,2.4438308558212865,-19.772859517119198,0.0,0.0,0.0,0.0,1.0,2.6432411993122313,-19.32749493164708,0.0,0.0,0.0,0.0,1.0,2.3861585643446803,-18.912738837198706,0.0,0.0,0.0,0.0,1.0,1.8985806402324064,-18.893197419586542,0.0,0.0,0.0,0.0,1.0,1.609130247897128,-19.286049261202287,0.0,0.0,0.0,0.0,1.0,1.7722591119642548,-19.74594389347374,0.0,0.0,0.0,0.0,1.0
18.98611330986023,2.007045032790354,-18.991223959067085,0.0,0.0,0.0,0.0,1.0,1.5254183542020299,-19.38633462003741,0.0,0.0,0.0,0.0,1.0,1.4995627716549995,-20.008755844604487,0.0,0.0,0.0,0.0,1.0,1.9467606177958323,-20.44245018206744,0.0,0.0,0.0,0.0,1.0,2.5680968741066996,-20.397528600015786,0.0,0.0,0.0,0.0,1.0,2.9482593020253645,-19.904017485308717,0.0,0.0,0.0,0.0,1.0,2.8331405525077002,-19.291788471417743,0.0,0.0,0.0,0.0,1.0,2.2996880514878315,-18.970066353595428,0.0,0.0,0.0,0.0,1.0,1.7044709676162686,-19.153895935023066,0.0,0.0,0.0,0.0,1.0,1.4453430186221543,-19.720402243893965,0.0,0.0,0.0,0.0,1.0
19.343945503234863,1.8554648358048698,-19.06910239258528,0.0,0.0,0.0,0.0,1.0,1.4066432383659306,-19.58931834861944,0.0,0.0,0.0,0.0,1.0,1.355481916460869,-20.274481093068598,0.0,0.0,0.0,0.0,1.0,1.7220676975924774,-20.85558377961574,0.0,0.0,0.0,0.0,1.0,2.3624726089020514,-21.10447535603156,0.0,0.0,0.0,0.0,1.0,3.0252625101754775,-20.923436647435473,0.0,0.0,0.0,0.0,1.0,3.45021452362673,-20.38354660909072,0.0,0.0,0.0,0.0,1.0,3.470485075373969,-19.69677548857673,0.0,0.0,0.0,0.0,1.0,3.0781155931760624,-19.132761608712126,0.0,0.0,0.0,0.0,1.0,2.4271571807338654,-18.912946658103866,0.0,0.0,0.0,0.0,1.0
19.720603942871094,1.7066413149913062,-19.275264947042793,0.0,0.0,0.0,0.0,1.0,1.312496461615164,-19.78994796697919,0.0,0.0,0.0,0.0,1.0,1.1355717228627236,-20.413603651849563,0.0,0.0,0.0,0.0,1.0,1.2007311992550878,-21.058586612159388,0.0,0.0,0.0,0.0,1.0,1.4988177102738824,-21.6342542318866,0.0,0.0,0.0,0.0,1.0,1.987939697812434,-22.05970511948714,0.0,0.0,0.0,0.0,1.0,2.599358452117682,-22.275148576889706,0.0,0.0,0.0,0.0,1.0,3.247148299512048,-22.250307279288027,0.0,0.0,0.0,0.0,1.0,3.8402721583768895,-21.988672295963873,0.0,0.0,0.0,0.0,1.0,4.295375426341336,-21.527012473213578,0.0,0.0,0.0,0.0,1.0
20.083065032958984,1.5129952100030268,-19.3422109428358,0.0,0.0,0.0,0.0,1.0,1.1511877004495257,-19.839124367448125,0.0,0.0,0.0,0.0,1.0,0.9114742976292132,-20.405132415127273,0.0,0.0,0.0,0.0,1.0,0.8063416706786499,-21.010751731430616,0.0,0.0,0.0,0.0,1.0,0.8412661772513679,-21.624435611266083,0.0,0.0,0.0,0.0,1.0,1.0144286000937617,-22.21421726649504,0.0,0.0,0.0,0.0,1.0,1.3168089100565266,-22.74937497565756,0.0,0.0,0.0,0.0,1.0,1.7326561193371743,-23.20203237818485,0.0,0.0,0.0,0.0,1.0,2.2403087503021752,-23.54861055378679,0.0,0.0,0.0,0.0,1.0,2.813323181674683,-23.77105624821152,0.0,0.0,0.0,0.0,1.0
20.450977325439453,1.3842081847450176,-19.54372628573933,0.0,0.0,0.0,0.0,1.0,1.063939001305444,-20.01468706014111,0.0,0.0,0.0,0.0,1.0,0.824691016868875,-20.53153984656024,0.0,0.0,0.0,0.0,1.0,0.6728592786210741,-21.080469281138885,0.0,0.0,0.0,0.0,1.0,0.6125022162816386,-21.646802598110376,0.0,0.0,0.0,0.0,1.0,0.6452331611501567,-22.215401829673517,0.0,0.0,0.0,0.0,1.0,0.7701772221074334,-22.77106844061724,0.0,0.0,0.0,0.0,1.0,0.9839946712670067,-23.29894958189913,0.0,0.0,0.0,0.0,1.0,1.2809702141835109,-23.78493510410697,0.0,0.0,0.0,0.0,1.0,1.653165758444417,-24.216034718718845,0.0,0.0,0.0,0.0,1.0
20.816919326782227,1.166923563883561,-19.6203909479447,0.0,0.0,0.0,0.0,1.0,0.8859988006245634,-20.077040624542462,0.0,0.0,0.0,0.0,1.0,0.6829535342509099,-20.573246498703803,0.0,0.0,0.0,0.0,1.0,0.5631773265357388,-21.095837457116154,0.0,0.0,0.0,0.0,1.0,0.5298494747951736,-21.63094203011785,0.0,0.0,0.0,0.0,1.0,0.5838546217442591,-22.164356591085184,0.0,0.0,0.0,0.0,1.0,0.7237592738534591,-22.681922372476468,0.0,0.0,0.0,0.0,1.0,0.945849851494158,-23.169901291152456,0.0,0.0,0.0,0.0,1.0,1.2442312608835535,-23.61534060719872,0.0,0.0,0.0,0.0,1.0,1.6109833713700852,-24.006416736875085,0.0,0.0,0.0,0.0,1.0
21.186695337295532,1.0161844559616777,-19.888588291955447,0.0,0.0,0.0,0.0,1.0,0.7848403319646385,-20.357991203447114,0.0,0.0,0.0,0.0,1.0,0.6570298055099302,-20.865459100315654,0.0,0.0,0.0,0.0,1.0,0.6384317712187608,-21.38844410023947,0.0,0.0,0.0,0.0,1.0,0.7298725794695449,-21.90370886287248,0.0,0.0,0.0,0.0,1.0,0.9272893198859739,-22.388359074497487,0.0,0.0,0.0,0.0,1.0,1.2219103451211084,-22.820860691273896,0.0,0.0,0.0,0.0,1.0,1.6006450138802708,-23.181996742790076,0.0,0.0,0.0,0.0,1.0,2.0466653360679534,-23.4557211830953,0.0,0.0,0.0,0.0,1.0,2.54015367632281,-23.629871850786575,0.0,0.0,0.0,0.0,1.0
21.5613534450531,0.8376770622365173,-20.026867778034273,0.0,0.0,0.0,0.0,1.0,0.6463829449517275,-20.52950092604516,0.0,0.0,0.0,0.0,1.0,0.5801819243068829,-21.063215218202195,0.0,0.0,0.0,0.0,1.0,0.6428767578848239,-21.59735272730424,0.0,0.0,0.0,0.0,1.0,0.830866092542183,-22.101231215475927,0.0,0.0,0.0,0.0,1.0,1.1333513354340472,-22.54590660114479,0.0,0.0,0.0,0.0,1.0,1.5329569530731706,-22.905835581831752,0.0,0.0,0.0,0.0,1.0,2.0067285668439254,-23.160342907408364,0.0,0.0,0.0,0.0,1.0,2.5274515117871914,-23.294809019855755,0.0,0.0,0.0,0.0,1.0,3.0652141172345466,-23.301509838430714,0.0,0.0,0.0,0.0,1.0
21.920836448669434,0.7124886934123116,-20.261675054167153,0.0,0.0,0.0,0.0,1.0,0.5475268896630516,-20.814303179642916,0.0,0.0,0.0,0.0,1.0,0.5036782550790571,-21.389357558817782,0.0,0.0,0.0,0.0,1.0,0.5829428555368562,-21.960608261116985,0.0,0.0,0.0,0.0,1.0,0.7817051982372686,-22.501998852914912,0.0,0.0,0.0,0.0,1.0,1.0908991450223888,-22.988834908517315,0.0,0.0,0.0,0.0,1.0,1.4964214457440383,-23.398910395934557,0.0,0.0,0.0,0.0,1.0,1.9797750292039988,-23.71352055966021,0.0,0.0,0.0,0.0,1.0,2.51891270926414,-23.918315099876583,0.0,0.0,0.0,0.0,1.0,3.089242822196062,-24.003952732060856,0.0,0.0,0.0,0.0,1.0
22.29306411743164,0.5703392248974994,-20.504423930530958,0.0,0.0,0.0,0.0,1.0,0.42460999844980607,-21.093504569847063,0.0,0.0,0.0,0.0,1.0,0.3818796081308047,-21.69883680986183,0.0,0.0,0.0,0.0,1.0,0.4434096924712613,-22.302547879645356,0.0,0.0,0.0,0.0,1.0,0.6073835415224562,-22.88681287422012,0.0,0.0,0.0,0.0,1.0,0.8689597362274504,-23.434381044790474,0.0,0.0,0.0,0.0,1.0,1.2204150940103986,-23.929085136691658,0.0,0.0,0.0,0.0,1.0,1.6513727000359182,-24.356318736572174,0.0,0.0,0.0,0.0,1.0,2.1491082913888064,-24.703467534868672,0.0,0.0,0.0,0.0,1.0,2.698925948010855,-24.9602817703089,0.0,0.0,0.0,0.0,1.0
22.65351390838623,0.4510100579324053,-20.79342682872356,0.0,0.0,0.0,0.0,1.0,0.334381994292888,-21.413450386134862,0.0,0.0,0.0,0.0,1.0,0.3208369448076009,-22.044202198346056,0.0,0.0,0.0,0.0,1.0,0.41074043380455405,-22.668660907661124,0.0,0.0,0.0,0.0,1.0,0.601666341509358,-23.269974980954245,0.0,0.0,0.0,0.0,1.0,0.8884623748876268,-23.831917462184983,0.0,0.0,0.0,0.0,1.0,1.2633891065204867,-24.339323870185872,0.0,0.0,0.0,0.0,1.0,1.7163288294344903,-24.778501424689573,0.0,0.0,0.0,0.0,1.0,2.235058591766162,-25.137598557293824,0.0,0.0,0.0,0.0,1.0,2.805580043195639,-25.40692473580618,0.0,0.0,0.0,0.0,1.0
22.986987829208374,0.3135791339347323,-21.164862995714067,0.0,0.0,0.0,0.0,1.0,0.22538855735829388,-21.812071916410236,0.0,0.0,0.0,0.0,1.0,0.23963915683781695,-22.465106283989815,0.0,0.0,0.0,0.0,1.0,0.3559792864804014,-23.107851909459438,0.0,0.0,0.0,0.0,1.0,0.571538152757183,-23.724448487454364,0.0,0.0,0.0,0.0,1.0,0.8809966538217235,-24.29968096301922,0.0,0.0,0.0,0.0,1.0,1.2767186329580453,-24.81935497627563,0.0,0.0,0.0,0.0,1.0,1.7489393073657131,-25.2706471205542,0.0,0.0,0.0,0.0,1.0,2.2860062226384095,-25.64242137106795,0.0,0.0,0.0,0.0,1.0,2.8746667871753786,-25.925503875975267,0.0,0.0,0.0,0.0,1.0
23.325519561767578,0.2801364378256676,-21.283530202196506,0.0,0.0,0.0,0.0,1.0,0.22463298412156876,-21.955553704294704,0.0,0.0,0.0,0.0,1.0,0.2821460268673831,-22.627408205403036,0.0,0.0,0.0,0.0,1.0,0.4510599816628047,-23.28022080992349,0.0,0.0,0.0,0.0,1.0,0.7266299291411504,-23.895653523379796,0.0,0.0,0.0,0.0,1.0,1.1011149033043817,-24.456418380402216,0.0,0.0,0.0,0.0,1.0,1.5639953410495524,-24.946763076609127,0.0,0.0,0.0,0.0,1.0,2.1022685845667994,-25.352913462622524,0.0,0.0,0.0,0.0,1.0,2.700814135725431,-25.663460470229456,0.0,0.0,0.0,0.0,1.0,3.3428184021791316,-25.869680601644056,0.0,0.0,0.0,0.0,1.0
23.665592432022095,0.17888669746874725,-21.663213365345847,0.0,0.0,0.0,0.0,1.0,0.16160790200669117,-22.3663639238092,0.0,0.0,0.0,0.0,1.0,0.25782916690910884,-23.063114046034176,0.0,0.0,0.0,0.0,1.0,0.46503696671322436,-23.735262982163874,0.0,0.0,0.0,0.0,1.0,0.7778185469575214,-24.36525262311031,0.0,0.0,0.0,0.0,1.0,1.1880033180428258,-24.936626159607794,0.0,0.0,0.0,0.0,1.0,1.684876290225329,-25.434457972727916,0.0,0.0,0.0,0.0,1.0,2.255457974318185,-25.84574352610623,0.0,0.0,0.0,0.0,1.0,2.8848434364378597,-26.15973907497969,0.0,0.0,0.0,0.0,1.0,3.556591649888821,-26.368242318036927,0.0,0.0,0.0,0.0,1.0
24.027305364608765,0.11179222225399113,-21.936783574234976,0.0,0.0,0.0,0.0,1.0,0.06897004989175226,-22.597126567668727,0.0,0.0,0.0,0.0,1.0,0.0425048401542365,-23.258327142454036,0.0,0.0,0.0,0.0,1.0,0.03241280782504681,-23.919980192251536,0.0,0.0,0.0,0.0,1.0,0.03870013612064052,-24.581680333498138,0.0,0.0,0.0,0.0,1.0,0.061362972901973394,-25.243022153778615,0.0,0.0,0.0,0.0,1.0,0.10038743303463833,-25.903600460214893,0.0,0.0,0.0,0.0,1.0,0.15574960689606476,-26.56301052772085,0.0,0.0,0.0,0.0,1.0,0.22741557502452248,-27.220848346970456,0.0,0.0,0.0,0.0,1.0,0.3153414289010019,-27.87671087192745,0.0,0.0,0.0,0.0,1.0
24.40358877182007,0.05504558199755512,-22.221673176898594,0.0,0.0,0.0,0.0,1.0,-0.04255740558366042,-22.9277426136714,0.0,0.0,0.0,0.0,1.0,-0.20047726106292024,-23.62281218714937,0.0,0.0,0.0,0.0,1.0,-0.4175455408069578,-24.301739101226584,0.0,0.0,0.0,0.0,1.0,-0.6921561640054691,-24.959499998784327,0.0,0.0,0.0,0.0,1.0,-1.0222772960083415,-25.591228129339385,0.0,0.0,0.0,0.0,1.0,-1.4054663818010364,-26.19224935796513,0.0,0.0,0.0,0.0,1.0,-1.8388882183859785,-26.7581167490567,0.0,0.0,0.0,0.0,1.0,-2.3193359323529807,-27.2846434690561,0.0,0.0,0.0,0.0,1.0,-2.8432547074264196,-27.76793376469113,0.0,0.0,0.0,0.0,1.0
24.818902015686035,-0.022076571534633938,-22.52778257640937,0.0,0.0,0.0,0.0,1.0,-0.18458173982067944,-23.259830146936753,0.0,0.0,0.0,0.0,1.0,-0.4544700321352405,-23.959445673427023,0.0,0.0,0.0,0.0,1.0,-0.825701989951846,-24.610973423204708,0.0,0.0,0.0,0.0,1.0,-1.2899703243780922,-25.199833753744816,0.0,0.0,0.0,0.0,1.0,-1.8368858135367523,-25.712849370420436,0.0,0.0,0.0,0.0,1.0,-2.454209788658863,-26.13854020303744,0.0,0.0,0.0,0.0,1.0,-3.128128006402586,-26.46738030252023,0.0,0.0,0.0,0.0,1.0,-3.8435597787862643,-26.69201100901129,0.0,0.0,0.0,0.0,1.0,-4.5844954431425196,-26.807405621189154,0.0,0.0,0.0,0.0,1.0
25.18624997138977,-0.19132881907382454,-22.921753507270044,0.0,0.0,0.0,0.0,1.0,-0.4285840808412928,-23.68007322042849,0.0,0.0,0.0,0.0,1.0,-0.7957565444218371,-24.38471726431821,0.0,0.0,0.0,0.0,1.0,-1.281354496311714,-25.013631786110647,0.0,0.0,0.0,0.0,1.0,-1.8701797582850703,-25.547133105193428,0.0,0.0,0.0,0.0,1.0,-2.5438033578956105,-25.968523770311673,0.0,0.0,0.0,0.0,1.0,-3.2811423159335216,-26.26461515411172,0.0,0.0,0.0,0.0,1.0,-4.059119498622781,-26.42614022899467,0.0,0.0,0.0,0.0,1.0,-4.853385882595101,-26.44804360527763,0.0,0.0,0.0,0.0,1.0,-5.6390826272902315,-26.329639754088003,0.0,0.0,0.0,0.0,1.0
25.570930242538452,-0.2758013769364802,-23.134286594218207,0.0,0.0,0.0,0.0,1.0,-0.5731362978446872,-23.929199267145272,0.0,0.0,0.0,0.0,1.0,-0.9967946991446868,-24.66459560367372,0.0,0.0,0.0,0.0,1.0,-1.5353072940863073,-25.320566942880536,0.0,0.0,0.0,0.0,1.0,-2.1740954614241925,-25.879354818590674,0.0,0.0,0.0,0.0,1.0,-2.8958659180761814,-26.32583171684625,0.0,0.0,0.0,0.0,1.0,-3.68107888314865,-26.647910608196867,0.0,0.0,0.0,0.0,1.0,-4.50847705918512,-26.836872167946627,0.0,0.0,0.0,0.0,1.0,-5.355661110049651,-26.8876008258463,0.0,0.0,0.0,0.0,1.0,-6.199696056098919,-26.798723254889694,0.0,0.0,0.0,0.0,1.0
25.922191619873047,-0.4851396476122751,-23.512250607495222,0.0,0.0,0.0,0.0,1.0,-0.7322937045054113,-24.273882381025633,0.0,0.0,0.0,0.0,1.0,-0.9758478896604215,-25.036672945455546,0.0,0.0,0.0,0.0,1.0,-1.2157967703662147,-25.80060528600532,0.0,0.0,0.0,0.0,1.0,-1.4521349943314206,-26.56566236242695,0.0,0.0,0.0,0.0,1.0,-1.684857289803895,-27.33182710938405,0.0,0.0,0.0,0.0,1.0,-1.9139584656882878,-28.099082436832624,0.0,0.0,0.0,0.0,1.0,-2.1394334116617855,-28.86741123040219,0.0,0.0,0.0,0.0,1.0,-2.361277098288139,-29.636796351777598,0.0,0.0,0.0,0.0,1.0,-2.5794845771298287,-30.407220639081277,0.0,0.0,0.0,0.0,1.0
26.261677026748657,-0.6065002706291334,-23.73301577866284,0.0,0.0,0.0,0.0,1.0,-0.6483023006835429,-24.175004796789107,0.0,0.0,0.0,0.0,1.0,-0.5516164947498643,-24.60831018192971,0.0,0.0,0.0,0.0,1.0,-0.3258878051608422,-24.990603603998824,0.0,0.0,0.0,0.0,1.0,0.0068329955558184,-25.28453994171731,0.0,0.0,0.0,0.0,1.0,0.4140433898637046,-25.4614054177959,0.0,0.0,0.0,0.0,1.0,0.8559641906681317,-25.50392256348167,0.0,0.0,0.0,0.0,1.0,1.2894254532379208,-25.407938003721803,0.0,0.0,0.0,0.0,1.0,1.6720836202791358,-25.182828188170483,0.0,0.0,0.0,0.0,1.0,1.966557939647879,-24.850583433368836,0.0,0.0,0.0,0.0,1.0
26.61462092399597,-0.524564227322742,-23.69846610066229,0.0,0.0,0.0,0.0,1.0,-0.5067482312324814,-23.932749364710507,0.0,0.0,0.0,0.0,1.0,-0.3983351849920843,-24.1412024024304,0.0,0.0,0.0,0.0,1.0,-0.21675376684311282,-24.290313924831533,0.0,0.0,0.0,0.0,1.0,0.00880466459743201,-24.356112492717585,0.0,0.0,0.0,0.0,1.0,0.24207892617331284,-24.328020208794737,0.0,0.0,0.0,0.0,1.0,0.44556742386023906,-24.210553239654928,0.0,0.0,0.0,0.0,1.0,0.5865569771413559,-24.022595788631126,0.0,0.0,0.0,0.0,1.0,0.6423818493293147,-23.79436423696709,0.0,0.0,0.0,0.0,1.0,0.6040675325675355,-23.562549503481808,0.0,0.0,0.0,0.0,1.0
26.985445499420166,-0.52853849435887,-23.763636387751642,0.0,0.0,0.0,0.0,1.0,-0.48943897328252395,-23.99938487534,0.0,0.0,0.0,0.0,1.0,-0.37759130708507715,-24.210563050146916,0.0,0.0,0.0,0.0,1.0,-0.20454334776593047,-24.375367557743267,0.0,0.0,0.0,0.0,1.0,0.011838351970202887,-24.476782950893906,0.0,0.0,0.0,0.0,1.0,0.24921319326343638,-24.504338470660535,0.0,0.0,0.0,0.0,1.0,0.4830731141324274,-24.455189112986748,0.0,0.0,0.0,0.0,1.0,0.6892729549453307,-24.33440936469536,0.0,0.0,0.0,0.0,1.0,0.8465233555843956,-24.15446928175815,0.0,0.0,0.0,0.0,1.0,0.9385888020227067,-23.93394700279135,0.0,0.0,0.0,0.0,1.0
27.346507787704468,-0.47404838078022954,-23.753999291329283,0.0,0.0,0.0,0.0,1.0,-0.4640223691076745,-24.00299495302323,0.0,0.0,0.0,0.0,1.0,-0.46426026934845055,-24.252192272141915,0.0,0.0,0.0,0.0,1.0,-0.47476167776309686,-24.501168337003126,0.0,0.0,0.0,0.0,1.0,-0.4955087724572461,-24.74950061141428,0.0,0.0,0.0,0.0,1.0,-0.5264663436270802,-24.99676765175676,0.0,0.0,0.0,0.0,1.0,-0.5675818533137349,-25.24254982221603,0.0,0.0,0.0,0.0,1.0,-0.6187855245652425,-25.486430006943763,0.0,0.0,0.0,0.0,1.0,-0.6799904598546911,-25.727994317943295,0.0,0.0,0.0,0.0,1.0,-0.7510927885536387,-25.966832797477167,0.0,0.0,0.0,0.0,1.0
27.722604274749756,-0.5289835257739958,-23.824232010042437,0.0,0.0,0.0,0.0,1.0,-0.5247007994635132,-24.05508673114198,0.0,0.0,0.0,0.0,1.0,-0.5306268001714807,-24.285905115405903,0.0,0.0,0.0,0.0,1.0,-0.5467499432344872,-24.516235938910636,0.0,0.0,0.0,0.0,1.0,-0.5730387097252326,-24.74562893085894,0.0,0.0,0.0,0.0,1.0,-0.609441708068477,-24.97363565380855,0.0,0.0,0.0,0.0,1.0,-0.6558877745057768,-25.199810380316844,0.0,0.0,0.0,0.0,1.0,-0.7122861122126113,-25.423710964287732,0.0,0.0,0.0,0.0,1.0,-0.7785264687959405,-25.64489970531745,0.0,0.0,0.0,0.0,1.0,-0.8544793518252044,-25.86294420434951,0.0,0.0,0.0,0.0,1.0
28.082273244857788,-0.5312392075350606,-23.85773918437407,0.0,0.0,0.0,0.0,1.0,-0.5268141529629968,-24.05559346608388,0.0,0.0,0.0,0.0,1.0,-0.525082364653569,-24.25348964797763,0.0,0.0,0.0,0.0,1.0,-0.5260441634186258,-24.45139107000892,0.0,0.0,0.0,0.0,1.0,-0.5296993710860192,-24.649261071160637,0.0,0.0,0.0,0.0,1.0,-0.5360473105326193,-24.847062996236343,0.0,0.0,0.0,0.0,1.0,-0.5450868058097386,-25.04476020265061,0.0,0.0,0.0,0.0,1.0,-0.5568161823609905,-25.242316067217047,0.0,0.0,0.0,0.0,1.0,-0.5712332673324827,-25.439693992932657,0.0,0.0,0.0,0.0,1.0,-0.5883353899753472,-25.63685741575743,0.0,0.0,0.0,0.0,1.0
28.456830978393555,-0.5685247541823951,-23.9172455520467,0.0,0.0,0.0,0.0,1.0,-0.564367354841575,-24.095581142022787,0.0,0.0,0.0,0.0,1.0,-0.5596648086114117,-24.27390318967913,0.0,0.0,0.0,0.0,1.0,-0.554417159437574,-24.452210028582037,0.0,0.0,0.0,0.0,1.0,-0.5486244563597655,-24.630499992439937,0.0,0.0,0.0,0.0,1.0,-0.5422867535112517,-24.808771415118958,0.0,0.0,0.0,0.0,1.0,-0.5354041101183672,-24.9870226306585,0.0,0.0,0.0,0.0,1.0,-0.5279765904999724,-25.165251973286804,0.0,0.0,0.0,0.0,1.0,-0.5200042640668177,-25.3434577774365,0.0,0.0,0.0,0.0,1.0,-0.5114872053209284,-25.521638377760212,0.0,0.0,0.0,0.0,1.0
28.8190758228302,-0.5739653481804782,-23.955452876228723,0.0,0.0,0.0,0.0,1.0,-0.569743624402957,-24.124406852423334,0.0,0.0,0.0,0.0,1.0,-0.5648531321581958,-24.293342793268458,0.0,0.0,0.0,0.0,1.0,-0.5592939480785221,-24.462258051596386,0.0,0.0,0.0,0.0,1.0,-0.5530661592744183,-24.631149980563507,0.0,0.0,0.0,0.0,1.0,-0.5461698633331807,-24.80001593369176,0.0,0.0,0.0,0.0,1.0,-0.5386051683173838,-24.96885326491013,0.0,0.0,0.0,0.0,1.0,-0.5303721927631734,-25.137659328596087,0.0,0.0,0.0,0.0,1.0,-0.5214710656784276,-25.306431479617054,0.0,0.0,0.0,0.0,1.0,-0.5119019265407334,-25.475167073371857,0.0,0.0,0.0,0.0,1.0
29.15294861793518,-0.6092188053469064,-24.031101440084512,0.0,0.0,0.0,0.0,1.0,-0.6050321885485244,-24.201279278003327,0.0,0.0,0.0,0.0,1.0,-0.6012964595832868,-24.371467610764526,0.0,0.0,0.0,0.0,1.0,-0.5980116446739763,-24.541665243738517,0.0,0.0,0.0,0.0,1.0,-0.5951777668781985,-24.71187098223043,0.0,0.0,0.0,0.0,1.0,-0.592794846088247,-24.88208363148849,0.0,0.0,0.0,0.0,1.0,-0.5908628990309318,-25.052301996712416,0.0,0.0,0.0,0.0,1.0,-0.5893819392674584,-25.22252488306181,0.0,0.0,0.0,0.0,1.0,-0.5883519771933774,-25.392751095664522,0.0,0.0,0.0,0.0,1.0,-0.5877730200384421,-25.56297943962507,0.0,0.0,0.0,0.0,1.0
29.513859748840332,-0.6370017470730471,-24.14619508524742,0.0,0.0,0.0,0.0,1.0,-0.6848105109958518,-24.514486895603923,0.0,0.0,0.0,0.0,1.0,-0.811987084723269,-24.863414760037898,0.0,0.0,0.0,0.0,1.0,-1.0123773538689118,-25.1760939494881,0.0,0.0,0.0,0.0,1.0,-1.2762843703070645,-25.437393819672163,0.0,0.0,0.0,0.0,1.0,-1.59093759054116,-25.63466998772044,0.0,0.0,0.0,0.0,1.0,-1.941110846318577,-25.758376197838366,0.0,0.0,0.0,0.0,1.0,-2.309859143699422,-25.80252626762569,0.0,0.0,0.0,0.0,1.0,-2.6793386366407046,-25.764983761324828,0.0,0.0,0.0,0.0,1.0,-3.0316700963163807,-25.647565372618867,0.0,0.0,0.0,0.0,1.0
29.87638568878174,-0.7033287410575135,-24.25922639544038,0.0,0.0,0.0,0.0,1.0,-0.8566435814337597,-24.761485389740333,0.0,0.0,0.0,0.0,1.0,-1.1696766533668164,-25.183124848888724,0.0,0.0,0.0,0.0,1.0,-1.606093240268498,-25.475203777111695,0.0,0.0,0.0,0.0,1.0,-2.1152371194542976,-25.60381967007376,0.0,0.0,0.0,0.0,1.0,-2.6380103865443822,-25.554043683385874,0.0,0.0,0.0,0.0,1.0,-3.113733131961465,-25.33165346973512,0.0,0.0,0.0,0.0,1.0,-3.487186745663666,-24.962462548872267,0.0,0.0,0.0,0.0,1.0,-3.7150233119534217,-24.489324052556352,0.0,0.0,0.0,0.0,1.0,-3.770797136088505,-23.967156629045327,0.0,0.0,0.0,0.0,1.0
30.215996980667114,-0.8179921519765475,-24.540111382885435,0.0,0.0,0.0,0.0,1.0,-1.0875746390102874,-25.135413177682032,0.0,0.0,0.0,0.0,1.0,-1.549037769984411,-25.598134176724553,0.0,0.0,0.0,0.0,1.0,-2.1436035258545987,-25.86933614233295,0.0,0.0,0.0,0.0,1.0,-2.7955401851117756,-25.914475222074785,0.0,0.0,0.0,0.0,1.0,-3.4218085127630666,-25.72780190854496,0.0,0.0,0.0,0.0,1.0,-3.9426387304258816,-25.333093372315183,0.0,0.0,0.0,0.0,1.0,-4.291691045389114,-24.780624888488138,0.0,0.0,0.0,0.0,1.0,-4.424505559907382,-24.14076611583856,0.0,0.0,0.0,0.0,1.0,-4.324165269046321,-23.495017890728132,0.0,0.0,0.0,0.0,1.0
30.568411588668823,-0.9524104502704963,-24.616215396704078,0.0,0.0,0.0,0.0,1.0,-1.344869029411604,-25.270865631984524,0.0,0.0,0.0,0.0,1.0,-1.9341967582705826,-25.755925932248438,0.0,0.0,0.0,0.0,1.0,-2.652094650031679,-26.015181180795455,0.0,0.0,0.0,0.0,1.0,-3.4153633298082227,-26.01858549664062,0.0,0.0,0.0,0.0,1.0,-4.135545263796623,-25.76574434324401,0.0,0.0,0.0,0.0,1.0,-4.7291763724945435,-25.28596025255292,0.0,0.0,0.0,0.0,1.0,-5.127458937279648,-24.634836865258006,0.0,0.0,0.0,0.0,1.0,-5.2842347777217205,-23.8878348553893,0.0,0.0,0.0,0.0,1.0,-5.181334663806566,-23.131526562792658,0.0,0.0,0.0,0.0,1.0
30.936071157455444,-1.1286217707454873,-24.896023750826686,0.0,0.0,0.0,0.0,1.0,-1.5833754471253318,-25.543191821120825,0.0,0.0,0.0,0.0,1.0,-2.1855145630599573,-26.056081577745665,0.0,0.0,0.0,0.0,1.0,-2.896778460713125,-26.40210337660297,0.0,0.0,0.0,0.0,1.0,-3.6719725597972874,-26.55927056826305,0.0,0.0,0.0,0.0,1.0,-4.461840076627671,-26.517596556631982,0.0,0.0,0.0,0.0,1.0,-5.216191860561734,-26.279729359514096,0.0,0.0,0.0,0.0,1.0,-5.8870954741784995,-25.8607833503134,0.0,0.0,0.0,0.0,1.0,-6.431920879132349,-25.287378872212564,0.0,0.0,0.0,0.0,1.0,-6.816049201067187,-24.595950748922263,0.0,0.0,0.0,0.0,1.0
31.30751371383667,-1.3272685459837175,-25.07510483851645,0.0,0.0,0.0,0.0,1.0,-1.8225500188675705,-25.733356603922836,0.0,0.0,0.0,0.0,1.0,-2.41772606718117,-26.302886757256644,0.0,0.0,0.0,0.0,1.0,-3.0971406720740586,-26.768713891181736,0.0,0.0,0.0,0.0,1.0,-3.842921931792763,-27.118584491111207,0.0,0.0,0.0,0.0,1.0,-4.635452179440978,-27.34329526211537,0.0,0.0,0.0,0.0,1.0,-5.453884022836348,-27.43693522024802,0.0,0.0,0.0,0.0,1.0,-6.276688732110925,-27.39704118011413,0.0,0.0,0.0,0.0,1.0,-7.082222549799756,-27.224662548601163,0.0,0.0,0.0,0.0,1.0,-7.84929602671356,-26.9243337203845,0.0,0.0,0.0,0.0,1.0
31.65475106239319,-1.5365998061528436,-25.334644536161917,0.0,0.0,0.0,0.0,1.0,-2.0483509844414374,-25.977785839649833,0.0,0.0,0.0,0.0,1.0,-2.63300025712661,-26.55545809333751,0.0,0.0,0.0,0.0,1.0,-3.282238728657516,-27.059451557398422,0.0,0.0,0.0,0.0,1.0,-3.9868395772461644,-27.48260359733213,0.0,0.0,0.0,0.0,1.0,-4.736789184250611,-27.818900477611706,0.0,0.0,0.0,0.0,1.0,-5.521429445326726,-28.063562827453904,0.0,0.0,0.0,0.0,1.0,-6.3296092408565405,-28.213113564092975,0.0,0.0,0.0,0.0,1.0,-7.14984291299168,-28.265427308248825,0.0,0.0,0.0,0.0,1.0,-7.970473497074075,-28.21976058950872,0.0,0.0,0.0,0.0,1.0
31.99959111213684,-1.7467490664912113,-25.577514178488588,0.0,0.0,0.0,0.0,1.0,-2.2602909810673832,-26.19683531624852,0.0,0.0,0.0,0.0,1.0,-2.8187692028674194,-26.775960557865467,0.0,0.0,0.0,0.0,1.0,-3.4190474605602708,-27.311637683608254,0.0,0.0,0.0,0.0,1.0,-4.057754744468628,-27.80085846728902,0.0,0.0,0.0,0.0,1.0,-4.731304237299961,-28.24087556969468,0.0,0.0,0.0,0.0,1.0,-5.435913456798112,-28.62921796694358,0.0,0.0,0.0,0.0,1.0,-6.167625497199448,-28.963704827125756,0.0,0.0,0.0,0.0,1.0,-6.922331250206963,-29.24245775729901,0.0,0.0,0.0,0.0,1.0,-7.695792480695025,-29.463911352064848,0.0,0.0,0.0,0.0,1.0
32.35785508155823,-1.8529149333566381,-25.609352038192586,0.0,0.0,0.0,0.0,1.0,-2.3640963089405247,-26.205420528280307,0.0,0.0,0.0,0.0,1.0,-2.908904872512214,-26.770918249476633,0.0,0.0,0.0,0.0,1.0,-3.485515748523828,-27.303951026409166,0.0,0.0,0.0,0.0,1.0,-4.091997537289982,-27.802733427376047,0.0,0.0,0.0,0.0,1.0,-4.726318784350246,-28.265594744778138,0.0,0.0,0.0,0.0,1.0,-5.386354784972237,-28.690984591274518,0.0,0.0,0.0,0.0,1.0,-6.06989470100327,-29.077478092916625,0.0,0.0,0.0,0.0,1.0,-6.774648966232072,-29.423780661866232,0.0,0.0,0.0,0.0,1.0,-7.498256955455826,-29.72873233271072,0.0,0.0,0.0,0.0,1.0
32.733057737350464,-2.1043803347238486,-25.892508285495417,0.0,0.0,0.0,0.0,1.0,-2.6025834966069126,-26.45286462045876,0.0,0.0,0.0,0.0,1.0,-3.128116129820758,-26.987673992170922,0.0,0.0,0.0,0.0,1.0,-3.679669980268475,-27.495605053142913,0.0,0.0,0.0,0.0,1.0,-4.255872016973662,-27.97539336640267,0.0,0.0,0.0,0.0,1.0,-4.855287850085846,-28.425844553167963,0.0,0.0,0.0,0.0,1.0,-5.476425301631943,-28.845837266117435,0.0,0.0,0.0,0.0,1.0,-6.117738120124652,-29.234325980857996,0.0,0.0,0.0,0.0,1.0,-6.777629829780796,-29.59034359863965,0.0,0.0,0.0,0.0,1.0,-7.454457704767359,-29.913003853838536,0.0,0.0,0.0,0.0,1.0
33.09540939331055,-2.1614969329672564,-25.880269381501908,0.0,0.0,0.0,0.0,1.0,-2.637333453383466,-26.40618125155251,0.0,0.0,0.0,0.0,1.0,-3.1319182841834956,-26.91450155841073,0.0,0.0,0.0,0.0,1.0,-3.6446015257670985,-27.40456235364052,0.0,0.0,0.0,0.0,1.0,-4.174709496668514,-27.8757196823628,0.0,0.0,0.0,0.0,1.0,-4.721545618794514,-28.32735442943185,0.0,0.0,0.0,0.0,1.0,-5.284391332749349,-28.75887313297157,0.0,0.0,0.0,0.0,1.0,-5.862507042043758,-29.16970876420254,0.0,0.0,0.0,0.0,1.0,-6.455133084947402,-29.55932147253518,0.0,0.0,0.0,0.0,1.0,-7.061490732707611,-29.927199294949954,0.0,0.0,0.0,0.0,1.0
33.46867561340332,-2.426988897259655,-26.15329047091722,0.0,0.0,0.0,0.0,1.0,-2.8671237105650587,-26.638926069090893,0.0,0.0,0.0,0.0,1.0,-3.3152996345837646,-27.11715083761178,0.0,0.0,0.0,0.0,1.0,-3.7713919073737356,-27.587831649625784,0.0,0.0,0.0,0.0,1.0,-4.235273563262227,-28.050837478343993,0.0,0.0,0.0,0.0,1.0,-4.706815468190127,-28.50603943351757,0.0,0.0,0.0,0.0,1.0,-5.185886355659928,-28.953310797317872,0.0,0.0,0.0,0.0,1.0,-5.672352863277327,-29.39252705961176,0.0,0.0,0.0,0.0,1.0,-6.166079569876287,-29.82356595262241,0.0,0.0,0.0,0.0,1.0,-6.666929033217135,-30.246307484965836,0.0,0.0,0.0,0.0,1.0
33.835734844207764,-2.503995003901928,-26.18605197871417,0.0,0.0,0.0,0.0,1.0,-2.916351667082627,-26.643668247412897,0.0,0.0,0.0,0.0,1.0,-3.3312216926796947,-27.099007163944698,0.0,0.0,0.0,0.0,1.0,-3.74859250360594,-27.552054924378446,0.0,0.0,0.0,0.0,1.0,-4.168451446961017,-28.0027977942411,0.0,0.0,0.0,0.0,1.0,-4.590785794415068,-28.451222108934033,0.0,0.0,0.0,0.0,1.0,-5.015582742594521,-28.897314274147327,0.0,0.0,0.0,0.0,1.0,-5.442829413470302,-29.341060766271855,0.0,0.0,0.0,0.0,1.0,-5.872512854748177,-29.782448132809296,0.0,0.0,0.0,0.0,1.0,-6.304620040261476,-30.22146299277994,0.0,0.0,0.0,0.0,1.0
34.20592737197876,-2.6572874924392558,-26.333399309985367,0.0,0.0,0.0,0.0,1.0,-3.036564518046374,-26.75607571194404,0.0,0.0,0.0,0.0,1.0,-3.4163872957357544,-27.1782617615411,0.0,0.0,0.0,0.0,1.0,-3.796755191550762,-27.59995675411195,0.0,0.0,0.0,0.0,1.0,-4.177667570624844,-28.02115998581158,0.0,0.0,0.0,0.0,1.0,-4.55912379718265,-28.44187075361578,0.0,0.0,0.0,0.0,1.0,-4.9411232345410605,-28.86208835532223,0.0,0.0,0.0,0.0,1.0,-5.323665245110403,-29.281812089551888,0.0,0.0,0.0,0.0,1.0,-5.706749190395286,-29.70104125574985,0.0,0.0,0.0,0.0,1.0,-6.090374430995862,-30.119775154186843,0.0,0.0,0.0,0.0,1.0
34.586674451828,-2.739411144864563,-26.397704716362863,0.0,0.0,0.0,0.0,1.0,-3.0895383310804143,-26.790476029665186,0.0,0.0,0.0,0.0,1.0,-3.438899020066325,-27.18392927983854,0.0,0.0,0.0,0.0,1.0,-3.7874918836280975,-27.57806297105825,0.0,0.0,0.0,0.0,1.0,-4.1353155964905906,-27.972875604912858,0.0,0.0,0.0,0.0,1.0,-4.482368836302901,-28.368365680409628,0.0,0.0,0.0,0.0,1.0,-4.828650283643279,-28.76453169398035,0.0,0.0,0.0,0.0,1.0,-5.174158622024132,-29.161372139487067,0.0,0.0,0.0,0.0,1.0,-5.518892537897055,-29.55888550822779,0.0,0.0,0.0,0.0,1.0,-5.862850720657866,-29.957070288942145,0.0,0.0,0.0,0.0,1.0
34.924224853515625,-2.9159836267536527,-26.560614732372578,0.0,0.0,0.0,0.0,1.0,-3.2415695679860876,-26.9284107637348,0.0,0.0,0.0,0.0,1.0,-3.5656709192985616,-27.297515680921553,0.0,0.0,0.0,0.0,1.0,-3.888282418896933,-27.667923491504574,0.0,0.0,0.0,0.0,1.0,-4.2093988291748135,-28.039628181903094,0.0,0.0,0.0,0.0,1.0,-4.529014936798648,-28.412623717481484,0.0,0.0,0.0,0.0,1.0,-4.847125552792344,-28.786904042647162,0.0,0.0,0.0,0.0,1.0,-5.163725512621472,-29.162463080949,0.0,0.0,0.0,0.0,1.0,-5.478809676277194,-29.53929473517591,0.0,0.0,0.0,0.0,1.0,-5.792372928359621,-29.917392887455858,0.0,0.0,0.0,0.0,1.0
35.26136779785156,-3.038204746083311,-26.67070531230352,0.0,0.0,0.0,0.0,1.0,-3.3367251958426802,-27.011924935213514,0.0,0.0,0.0,0.0,1.0,-3.632089487167147,-27.355880201772642,0.0,0.0,0.0,0.0,1.0,-3.924272551837678,-27.7025419197386,0.0,0.0,0.0,0.0,1.0,-4.21324959163294,-28.051880667166564,0.0,0.0,0.0,0.0,1.0,-4.498996080434019,-28.40386679490631,0.0,0.0,0.0,0.0,1.0,-4.781487766305994,-28.758470429118624,0.0,0.0,0.0,0.0,1.0,-5.060700673556232,-29.115661473810736,0.0,0.0,0.0,0.0,1.0,-5.336611104769295,-29.475409613390624,0.0,0.0,0.0,0.0,1.0,-5.6091956428181575,-29.837684315240008,0.0,0.0,0.0,0.0,1.0
35.62458539009094,-3.117459370972536,-26.750047121508853,0.0,0.0,0.0,0.0,1.0,-3.3967011619926386,-27.069745822820146,0.0,0.0,0.0,0.0,1.0,-3.6743232449301786,-27.390852061528857,0.0,0.0,0.0,0.0,1.0,-3.9503185251017405,-27.713357631705964,0.0,0.0,0.0,0.0,1.0,-4.2246799493971325,-28.03725429166226,0.0,0.0,0.0,0.0,1.0,-4.497400506459652,-28.362533764158982,0.0,0.0,0.0,0.0,1.0,-4.768473226865283,-28.689187736619335,0.0,0.0,0.0,0.0,1.0,-5.037891183300744,-29.01720786134094,0.0,0.0,0.0,0.0,1.0,-5.305647490740592,-29.346585755709125,0.0,0.0,0.0,0.0,1.0,-5.5717353066230855,-29.677313002411175,0.0,0.0,0.0,0.0,1.0
36.000465393066406,-3.242596666640873,-26.86162683881533,0.0,0.0,0.0,0.0,1.0,-3.5055408506901613,-27.16713906183646,0.0,0.0,0.0,0.0,1.0,-3.764684846173311,-27.47588127136682,0.0,0.0,0.0,0.0,1.0,-4.01998897980047,-27.787806200946914,0.0,0.0,0.0,0.0,1.0,-4.271414166140102,-28.10286609686314,0.0,0.0,0.0,0.0,1.0,-4.518921913602719,-28.421012725458567,0.0,0.0,0.0,0.0,1.0,-4.762474330333692,-28.742197380517247,0.0,0.0,0.0,0.0,1.0,-5.002034130014254,-29.066370890720762,0.0,0.0,0.0,0.0,1.0,-5.237564637569792,-29.39348362717609,0.0,0.0,0.0,0.0,1.0,-5.469029794784582,-29.723485511013422,0.0,0.0,0.0,0.0,1.0
36.35986852645874,-3.3083339914708647,-26.922371872342506,0.0,0.0,0.0,0.0,1.0,-3.559751585699998,-27.22243514913897,0.0,0.0,0.0,0.0,1.0,-3.802186588081678,-27.52980145566913,0.0,0.0,0.0,0.0,1.0,-4.035426981068186,-27.844201989780153,0.0,0.0,0.0,0.0,1.0,-4.259268788106368,-28.16536179765106,0.0,0.0,0.0,0.0,1.0,-4.473516252021975,-28.493000014249073,0.0,0.0,0.0,0.0,1.0,-4.677982006215885,-28.82683010895552,0.0,0.0,0.0,0.0,1.0,-4.872487238522483,-29.16656013614645,0.0,0.0,0.0,0.0,1.0,-5.056861847586905,-29.511892990508933,0.0,0.0,0.0,0.0,1.0,-5.230944591624377,-29.862526666869577,0.0,0.0,0.0,0.0,1.0
36.73591375350952,-3.454739084928062,-27.08194145255697,0.0,0.0,0.0,0.0,1.0,-3.723572086198283,-27.443000320130572,0.0,0.0,0.0,0.0,1.0,-3.957393466717836,-27.82765893557733,0.0,0.0,0.0,0.0,1.0,-4.154146087099124,-28.232533107140032,0.0,0.0,0.0,0.0,1.0,-4.31209893555828,-28.654060788424577,0.0,0.0,0.0,0.0,1.0,-4.429862357200501,-29.088533416962445,0.0,0.0,0.0,0.0,1.0,-4.506400280078303,-29.532128541808333,0.0,0.0,0.0,0.0,1.0,-4.5410393304589345,-29.980943453118346,0.0,0.0,0.0,0.0,1.0,-4.533474757105669,-30.431029517838716,0.0,0.0,0.0,0.0,1.0,-4.4837731124516536,-30.878426919422783,0.0,0.0,0.0,0.0,1.0
37.0979688167572,-3.5243554362462377,-27.170193941108995,0.0,0.0,0.0,0.0,1.0,-3.7800642640143858,-27.594195588245633,0.0,0.0,0.0,0.0,1.0,-3.951636513219483,-28.058660188270057,0.0,0.0,0.0,0.0,1.0,-4.03297235655268,-28.54707485017367,0.0,0.0,0.0,0.0,1.0,-4.021180099111969,-29.04207519768627,0.0,0.0,0.0,0.0,1.0,-3.916678985468096,-29.526062716761228,0.0,0.0,0.0,0.0,1.0,-3.723184294459938,-29.981830427250685,0.0,0.0,0.0,0.0,1.0,-3.447575251637066,-30.393174634560577,0.0,0.0,0.0,0.0,1.0,-3.0996504553961652,-30.745471011967258,0.0,0.0,0.0,0.0,1.0,-2.6917795120306143,-31.02619453241262,0.0,0.0,0.0,0.0,1.0
37.47072625160217,-3.6700728956177815,-27.392798850910474,0.0,0.0,0.0,0.0,1.0,-3.887806990388818,-27.879386226205966,0.0,0.0,0.0,0.0,1.0,-3.976911615954757,-28.40496759528736,0.0,0.0,0.0,0.0,1.0,-3.9317220648272047,-28.936129825017233,0.0,0.0,0.0,0.0,1.0,-3.755111202326492,-29.439104986500855,0.0,0.0,0.0,0.0,1.0,-3.458306828008309,-29.881917106037246,0.0,0.0,0.0,0.0,1.0,-3.0601778833121074,-30.236414994913623,0.0,0.0,0.0,0.0,1.0,-2.5860348838260765,-30.480061923605756,0.0,0.0,0.0,0.0,1.0,-2.066020837084319,-30.597368364238744,0.0,0.0,0.0,0.0,1.0,-1.5331949411468444,-30.580876716621017,0.0,0.0,0.0,0.0,1.0
37.84222722053528,-3.6925549751997346,-27.45582401957396,0.0,0.0,0.0,0.0,1.0,-3.882595767352114,-27.948922820417238,0.0,0.0,0.0,0.0,1.0,-3.968240216191889,-28.470388982749864,0.0,0.0,0.0,0.0,1.0,-3.9458991357735,-28.99836891248273,0.0,0.0,0.0,0.0,1.0,-3.8165087956734634,-29.510736036685465,0.0,0.0,0.0,0.0,1.0,-3.5854916838226334,-29.986018083587183,0.0,0.0,0.0,0.0,1.0,-3.2625292609843353,-30.404296942136593,0.0,0.0,0.0,0.0,1.0,-2.86115623027942,-30.748043389824034,0.0,0.0,0.0,0.0,1.0,-2.398193325103322,-31.002851707007544,0.0,0.0,0.0,0.0,1.0,-1.8930423861483956,-31.15804339153974,0.0,0.0,0.0,0.0,1.0
38.207507371902466,-3.808133142106022,-27.70734782102015,0.0,0.0,0.0,0.0,1.0,-3.971615457256459,-28.19513380796445,0.0,0.0,0.0,0.0,1.0,-4.05747988852052,-28.702370375918566,0.0,0.0,0.0,0.0,1.0,-4.063649149496954,-29.21678613835706,0.0,0.0,0.0,0.0,1.0,-3.9899739895386244,-29.725936025159843,0.0,0.0,0.0,0.0,1.0,-3.8382368045181696,-30.21750236158682,0.0,0.0,0.0,0.0,1.0,-3.612108515984441,-30.679592865223263,0.0,0.0,0.0,0.0,1.0,-3.3170597619163313,-31.101028351566104,0.0,0.0,0.0,0.0,1.0,-2.960228547603213,-31.471613187896462,0.0,0.0,0.0,0.0,1.0,-2.5502475585252347,-31.782381952447878,0.0,0.0,0.0,0.0,1.0
38.571919679641724,-3.860997675235584,-27.831809035608114,0.0,0.0,0.0,0.0,1.0,-4.003920169485932,-28.30623862752991,0.0,0.0,0.0,0.0,1.0,-4.089855560770456,-28.79421955500413,0.0,0.0,0.0,0.0,1.0,-4.117602845124204,-29.288931961625202,0.0,0.0,0.0,0.0,1.0,-4.086774235885276,-29.78346191411162,0.0,0.0,0.0,0.0,1.0,-3.9978005832700547,-30.27089802909914,0.0,0.0,0.0,0.0,1.0,-3.8519253529562967,-30.74442806429726,0.0,0.0,0.0,0.0,1.0,-3.651187247827367,-31.197434124083514,0.0,0.0,0.0,0.0,1.0,-3.398391715750237,-31.62358514897453,0.0,0.0,0.0,0.0,1.0,-3.0970717415849056,-32.01692539637216,0.0,0.0,0.0,0.0,1.0
38.93986630439758,-3.938190389156603,-28.036596699485695,0.0,0.0,0.0,0.0,1.0,-4.063279996358061,-28.501475728897915,0.0,0.0,0.0,0.0,1.0,-4.14336746272626,-28.976181869102344,0.0,0.0,0.0,0.0,1.0,-4.177719586572937,-29.45636917985127,0.0,0.0,0.0,0.0,1.0,-4.166021873803797,-29.93764154071675,0.0,0.0,0.0,0.0,1.0,-4.1083814171156146,-30.41559289762438,0.0,0.0,0.0,0.0,1.0,-4.005325915561344,-30.88584760032969,0.0,0.0,0.0,0.0,1.0,-3.8577988434591384,-31.344100461547175,0.0,0.0,0.0,0.0,1.0,-3.667150812873968,-31.78615617099007,0.0,0.0,0.0,0.0,1.0,-3.43512720874842,-32.20796770348492,0.0,0.0,0.0,0.0,1.0
39.306973457336426,-4.00882990532974,-28.19874515089073,0.0,0.0,0.0,0.0,1.0,-4.120293437377387,-28.663006568134804,0.0,0.0,0.0,0.0,1.0,-4.191347530736387,-29.13514436405348,0.0,0.0,0.0,0.0,1.0,-4.2214638805222275,-29.611648076519177,0.0,0.0,0.0,0.0,1.0,-4.210418564171926,-30.08897478172719,0.0,0.0,0.0,0.0,1.0,-4.15829370636406,-30.563575436716757,0.0,0.0,0.0,0.0,1.0,-4.06547686840133,-31.031921267389578,0.0,0.0,0.0,0.0,1.0,-3.932658166595724,-31.4905300058243,0.0,0.0,0.0,0.0,1.0,-3.760825141081824,-31.93599178180598,0.0,0.0,0.0,0.0,1.0,-3.5512554132098977,-32.36499447606058,0.0,0.0,0.0,0.0,1.0
39.67098593711853,-4.0857092624506,-28.456031416618146,0.0,0.0,0.0,0.0,1.0,-4.184778575162769,-28.92477365298363,0.0,0.0,0.0,0.0,1.0,-4.246162686283653,-29.399922054828867,0.0,0.0,0.0,0.0,1.0,-4.269470824602194,-29.87845182773992,0.0,0.0,0.0,0.0,1.0,-4.2545546105251715,-30.35731665149688,0.0,0.0,0.0,0.0,1.0,-4.201509000661598,-30.833468072946385,0.0,0.0,0.0,0.0,1.0,-4.1106716833290085,-31.303874912452358,0.0,0.0,0.0,0.0,1.0,-3.9826209288298533,-31.76554256038361,0.0,0.0,0.0,0.0,1.0,-3.818171908183131,-32.21553204079678,0.0,0.0,0.0,0.0,1.0,-3.6183715037462196,-32.650978720955244,0.0,0.0,0.0,0.0,1.0
40.00965237617493,-4.150895958926656,-28.682837087376736,0.0,0.0,0.0,0.0,1.0,-4.238986183652101,-29.158228390288233,0.0,0.0,0.0,0.0,1.0,-4.289591116655267,-29.63905675814085,0.0,0.0,0.0,0.0,1.0,-4.302400164413856,-30.12237105223072,0.0,0.0,0.0,0.0,1.0,-4.277334709942832,-30.60520487619941,0.0,0.0,0.0,0.0,1.0,-4.214548595315096,-31.08459478262843,0.0,0.0,0.0,0.0,1.0,-4.11442717743829,-31.557598461534212,0.0,0.0,0.0,0.0,1.0,-3.9775849628830313,-32.02131279912976,0.0,0.0,0.0,0.0,1.0,-3.8048618362790503,-32.47289169601514,0.0,0.0,0.0,0.0,1.0,-3.597317905427914,-32.909563535435694,0.0,0.0,0.0,0.0,1.0
40.342368841171265,-4.203769563784245,-28.822212522363746,0.0,0.0,0.0,0.0,1.0,-4.280571143767332,-29.300331436369444,0.0,0.0,0.0,0.0,1.0,-4.320192568516545,-29.782955846567198,0.0,0.0,0.0,0.0,1.0,-4.322396838332229,-30.267198884526927,0.0,0.0,0.0,0.0,1.0,-4.287170768143739,-30.750163999827155,0.0,0.0,0.0,0.0,1.0,-4.214725066377329,-31.22896228607457,0.0,0.0,0.0,0.0,1.0,-4.1054930745816325,-31.70072976120001,0.0,0.0,0.0,0.0,1.0,-3.960128175349837,-32.16264449866702,0.0,0.0,0.0,0.0,1.0,-3.7794998840433003,-32.61194350712082,0.0,0.0,0.0,0.0,1.0,-3.5646886476944033,-33.04593925751032,0.0,0.0,0.0,0.0,1.0
40.68490171432495,-4.237392417691808,-28.979727904976755,0.0,0.0,0.0,0.0,1.0,-4.301838527683557,-29.471747190634815,0.0,0.0,0.0,0.0,1.0,-4.326897487397572,-29.967336059648826,0.0,0.0,0.0,0.0,1.0,-4.312410122658504,-30.463346538182748,0.0,0.0,0.0,0.0,1.0,-4.258468457012486,-30.956627974342542,0.0,0.0,0.0,0.0,1.0,-4.165415127194811,-31.444047051074648,0.0,0.0,0.0,0.0,1.0,-4.033841206705992,-31.922507688953814,0.0,0.0,0.0,0.0,1.0,-3.8645824513208233,-32.38897071243799,0.0,0.0,0.0,0.0,1.0,-3.658713990378941,-32.84047315467054,0.0,0.0,0.0,0.0,1.0,-3.417543497577698,-33.274147078205885,0.0,0.0,0.0,0.0,1.0
41.059178829193115,-4.280184818694602,-29.122711295798997,0.0,0.0,0.0,0.0,1.0,-4.331200402494713,-29.624593878529826,0.0,0.0,0.0,0.0,1.0,-4.3418139500272845,-30.12895096358743,0.0,0.0,0.0,0.0,1.0,-4.311957129215617,-30.63253540227677,0.0,0.0,0.0,0.0,1.0,-4.241822164060541,-31.132105020349893,0.0,0.0,0.0,0.0,1.0,-4.131860597065033,-31.62444349175237,0.0,0.0,0.0,0.0,1.0,-3.982780382116039,-32.10638104595394,0.0,0.0,0.0,0.0,1.0,-3.7955413265400955,-32.57481487554576,0.0,0.0,0.0,0.0,1.0,-3.571348911677685,-33.02672911271604,0.0,0.0,0.0,0.0,1.0,-3.311646531760649,-33.459214245991696,0.0,0.0,0.0,0.0,1.0
41.42042303085327,-4.323420329075166,-29.371703676962753,0.0,0.0,0.0,0.0,1.0,-4.360037325712643,-29.88290431155197,0.0,0.0,0.0,0.0,1.0,-4.354160950944225,-30.39538100513594,0.0,0.0,0.0,0.0,1.0,-4.305831637958051,-30.905607592794258,0.0,0.0,0.0,0.0,1.0,-4.215381923102038,-31.41007339176346,0.0,0.0,0.0,0.0,1.0,-4.083434157822755,-31.90530735716262,0.0,0.0,0.0,0.0,1.0,-3.9108962264924587,-32.387901964985204,0.0,0.0,0.0,0.0,1.0,-3.6989552995883814,-32.854536658027,0.0,0.0,0.0,0.0,1.0,-3.449069665206353,-33.30200069342723,0.0,0.0,0.0,0.0,1.0,-3.1629586951131228,-33.727215234617304,0.0,0.0,0.0,0.0,1.0
41.79142928123474,-4.352085220173574,-29.523236626798454,0.0,0.0,0.0,0.0,1.0,-4.396231401500925,-30.033495205856976,0.0,0.0,0.0,0.0,1.0,-4.435877346539037,-30.544123154436605,0.0,0.0,0.0,0.0,1.0,-4.471019973760635,-31.055080783385005,0.0,0.0,0.0,0.0,1.0,-4.501656551664069,-31.566328377925046,0.0,0.0,0.0,0.0,1.0,-4.527784698985611,-32.077826200741676,0.0,0.0,0.0,0.0,1.0,-4.549402384884576,-32.589534495070566,0.0,0.0,0.0,0.0,1.0,-4.5665079291011335,-33.10141348778824,0.0,0.0,0.0,0.0,1.0,-4.579100002086922,-33.6134233925035,0.0,0.0,0.0,0.0,1.0,-4.587177625108394,-34.125524412649845,0.0,0.0,0.0,0.0,1.0
42.155479192733765,-4.400220992813585,-29.752776309954115,0.0,0.0,0.0,0.0,1.0,-4.479479227314786,-30.313292411251922,0.0,0.0,0.0,0.0,1.0,-4.5995944624166345,-30.866494451962883,0.0,0.0,0.0,0.0,1.0,-4.759920960069678,-31.409408424614764,0.0,0.0,0.0,0.0,1.0,-4.959596806963903,-31.939115630264656,0.0,0.0,0.0,0.0,1.0,-5.197548548164249,-32.45276836938912,0.0,0.0,0.0,0.0,1.0,-5.4724969579913445,-32.947605251082365,0.0,0.0,0.0,0.0,1.0,-5.782963917123261,-33.42096603826031,0.0,0.0,0.0,0.0,1.0,-6.127280358947106,-33.87030594906293,0.0,0.0,0.0,0.0,1.0,-6.503595242440903,-34.293209337570744,0.0,0.0,0.0,0.0,1.0
42.487507820129395,-4.458966019658436,-30.006127749612915,0.0,0.0,0.0,0.0,1.0,-4.576947366827803,-30.596391262096326,0.0,0.0,0.0,0.0,1.0,-4.765402650520296,-31.168068809755436,0.0,0.0,0.0,0.0,1.0,-5.021568987787129,-31.712779209968655,0.0,0.0,0.0,0.0,1.0,-5.341690805468348,-32.2225366368823,0.0,0.0,0.0,0.0,1.0,-5.721074899455924,-32.689867699062404,0.0,0.0,0.0,0.0,1.0,-6.154159240265832,-33.10792100450849,0.0,0.0,0.0,0.0,1.0,-6.634594516182505,-33.47056760673168,0.0,0.0,0.0,0.0,1.0,-7.15533721849758,-33.77249085928892,0.0,0.0,0.0,0.0,1.0,-7.708752904149873,-34.009264361444785,0.0,0.0,0.0,0.0,1.0
42.84475302696228,-4.527190681843263,-30.16115205349708,0.0,0.0,0.0,0.0,1.0,-4.694534821616151,-30.78246473172565,0.0,0.0,0.0,0.0,1.0,-4.953530454378462,-31.37149339609941,0.0,0.0,0.0,0.0,1.0,-5.298271047336684,-31.914804935467664,0.0,0.0,0.0,0.0,1.0,-5.720894608395254,-32.40000884196684,0.0,0.0,0.0,0.0,1.0,-6.211762983056822,-32.81603978312506,0.0,0.0,0.0,0.0,1.0,-6.7596816576482635,-33.153409952638974,0.0,0.0,0.0,0.0,1.0,-7.3521550561433155,-33.404425444829414,0.0,0.0,0.0,0.0,1.0,-7.97567150840233,-33.56336171824181,0.0,0.0,0.0,0.0,1.0,-8.616011390977285,-33.62659414685071,0.0,0.0,0.0,0.0,1.0
43.22554087638855,-4.641510812143192,-30.472659999698006,0.0,0.0,0.0,0.0,1.0,-4.861523601073255,-31.12812941340374,0.0,0.0,0.0,0.0,1.0,-5.179900233930503,-31.741873740666325,0.0,0.0,0.0,0.0,1.0,-5.589037413579245,-32.29923587413575,0.0,0.0,0.0,0.0,1.0,-6.079164348996878,-32.78690519526908,0.0,0.0,0.0,0.0,1.0,-6.638576095977096,-33.19323545126421,0.0,0.0,0.0,0.0,1.0,-7.253913088224737,-33.508522884518605,0.0,0.0,0.0,0.0,1.0,-7.910480183233098,-33.725237972476975,0.0,0.0,0.0,0.0,1.0,-8.592597603664046,-33.83820524358304,0.0,0.0,0.0,0.0,1.0,-9.283975393240254,-33.844726875069085,0.0,0.0,0.0,0.0,1.0
43.58538770675659,-4.733262056508434,-30.635692553956904,0.0,0.0,0.0,0.0,1.0,-5.006693802698715,-31.313909369547698,0.0,0.0,0.0,0.0,1.0,-5.384713182918757,-31.939884063087966,0.0,0.0,0.0,0.0,1.0,-5.857658175758193,-32.49761697633846,0.0,0.0,0.0,0.0,1.0,-6.413440499806473,-32.97285268317274,0.0,0.0,0.0,0.0,1.0,-7.037854585202783,-33.35344435246343,0.0,0.0,0.0,0.0,1.0,-7.714940662216472,-33.62966421613907,0.0,0.0,0.0,0.0,1.0,-8.427392686461776,-33.79445220697443,0.0,0.0,0.0,0.0,1.0,-9.157000674344435,-33.843596411033495,0.0,0.0,0.0,0.0,1.0,-9.885116142826373,-33.77584072247446,0.0,0.0,0.0,0.0,1.0
43.95646643638611,-4.87914858299266,-30.923171870115773,0.0,0.0,0.0,0.0,1.0,-5.155048255559086,-31.578797887731703,0.0,0.0,0.0,0.0,1.0,-5.490439854344243,-32.206076597526256,0.0,0.0,0.0,0.0,1.0,-5.882444612450739,-32.7996238777989,0.0,0.0,0.0,0.0,1.0,-6.327697835219121,-33.35434513384698,0.0,0.0,0.0,0.0,1.0,-6.8223777804134285,-33.865479026403264,0.0,0.0,0.0,0.0,1.0,-7.36223846138347,-34.32863833964198,0.0,0.0,0.0,0.0,1.0,-7.942646091644394,-34.7398476379708,0.0,0.0,0.0,0.0,1.0,-8.55861885805884,-35.09557738838946,0.0,0.0,0.0,0.0,1.0,-9.204869681236406,-35.39277425553227,0.0,0.0,0.0,0.0,1.0
44.318880796432495,-4.956620864999916,-31.042213688653906,0.0,0.0,0.0,0.0,1.0,-5.2288966758633455,-31.67247980722759,0.0,0.0,0.0,0.0,1.0,-5.53908444925341,-32.28497718897105,0.0,0.0,0.0,0.0,1.0,-5.886030582527932,-32.87742792785921,0.0,0.0,0.0,0.0,1.0,-6.268444767008189,-33.44762867225681,0.0,0.0,0.0,0.0,1.0,-6.684904786696427,-33.993458819284754,0.0,0.0,0.0,0.0,1.0,-7.133861807562784,-34.5128884014401,0.0,0.0,0.0,0.0,1.0,-7.613646137730514,-35.00398563613887,0.0,0.0,0.0,0.0,1.0,-8.122473437137119,-35.4649241101046,0.0,0.0,0.0,0.0,1.0,-8.658451353577375,-35.89398957188361,0.0,0.0,0.0,0.0,1.0
44.68640661239624,-5.099476095833809,-31.323140790155804,0.0,0.0,0.0,0.0,1.0,-5.369549400283734,-31.933070782742323,0.0,0.0,0.0,0.0,1.0,-5.663618462357186,-32.531800748890944,0.0,0.0,0.0,0.0,1.0,-5.981219836363523,-33.11838710473498,0.0,0.0,0.0,0.0,1.0,-6.3218529902607585,-33.691905404442245,0.0,0.0,0.0,0.0,1.0,-6.684981094481885,-34.25145179711926,0.0,0.0,0.0,0.0,1.0,-7.070031867965224,-34.79614445125825,0.0,0.0,0.0,0.0,1.0,-7.476398480055451,-35.325124944482155,0.0,0.0,0.0,0.0,1.0,-7.903440506853958,-35.83755961639743,0.0,0.0,0.0,0.0,1.0,-8.350484940511343,-36.33264088242255,0.0,0.0,0.0,0.0,1.0
45.06154203414917,-5.171404621285675,-31.418573749664144,0.0,0.0,0.0,0.0,1.0,-5.433928305191066,-31.994509156286803,0.0,0.0,0.0,0.0,1.0,-5.715513438271055,-32.5613690067271,0.0,0.0,0.0,0.0,1.0,-6.015846746869031,-33.118522648875704,0.0,0.0,0.0,0.0,1.0,-6.334594099304267,-33.66535022913149,0.0,0.0,0.0,0.0,1.0,-6.671400877605498,-34.201243382011064,0.0,0.0,0.0,0.0,1.0,-7.025892372036265,-34.725605906977435,0.0,0.0,0.0,0.0,1.0,-7.397674197973054,-35.23785443173468,0.0,0.0,0.0,0.0,1.0,-7.786332734672483,-35.73741906125075,0.0,0.0,0.0,0.0,1.0,-8.191435585439347,-36.22374401178632,0.0,0.0,0.0,0.0,1.0
45.42223882675171,-5.3019831669055515,-31.66277761668134,0.0,0.0,0.0,0.0,1.0,-5.555661776486193,-32.20973937747091,0.0,0.0,0.0,0.0,1.0,-5.823477027657073,-32.74991989911629,0.0,0.0,0.0,0.0,1.0,-6.105247810769672,-33.282953885376934,0.0,0.0,0.0,0.0,1.0,-6.400783578768619,-33.80848087284576,0.0,0.0,0.0,0.0,1.0,-6.709884476048854,-34.32614547471202,0.0,0.0,0.0,0.0,1.0,-7.03234147360766,-34.835597621091004,0.0,0.0,0.0,0.0,1.0,-7.367936510400209,-35.336492795758325,0.0,0.0,0.0,0.0,1.0,-7.716442640803004,-35.82849226912844,0.0,0.0,0.0,0.0,1.0,-8.077624188085501,-36.31126332732001,0.0,0.0,0.0,0.0,1.0
45.7946298122406,-5.421420644559247,-31.877685218946837,0.0,0.0,0.0,0.0,1.0,-5.6641864140715,-32.39151165263871,0.0,0.0,0.0,0.0,1.0,-5.917711816304209,-32.90011532272981,0.0,0.0,0.0,0.0,1.0,-6.181884556103184,-33.40327095109393,0.0,0.0,0.0,0.0,1.0,-6.456587622240798,-33.90075567273067,0.0,0.0,0.0,0.0,1.0,-6.741699339244306,-34.39234913448001,0.0,0.0,0.0,0.0,1.0,-7.037093421290107,-34.877833592624356,0.0,0.0,0.0,0.0,1.0,-7.342639028140108,-35.35699400933472,0.0,0.0,0.0,0.0,1.0,-7.658200823095368,-35.829618147918445,0.0,0.0,0.0,0.0,1.0,-7.98363903294141,-36.295496666826104,0.0,0.0,0.0,0.0,1.0
46.15572428703308,-5.4646565564900325,-31.933547159528263,0.0,0.0,0.0,0.0,1.0,-5.697160057856178,-32.41780592067218,0.0,0.0,0.0,0.0,1.0,-5.93836096727189,-32.897791907123015,0.0,0.0,0.0,0.0,1.0,-6.188180795749405,-33.37334892703926,0.0,0.0,0.0,0.0,1.0,-6.446538249625657,-33.844322229805705,0.0,0.0,0.0,0.0,1.0,-6.713349257015982,-34.310558556390745,0.0,0.0,0.0,0.0,1.0,-6.988526995171881,-34.771906189218264,0.0,0.0,0.0,0.0,1.0,-7.27198191873395,-35.228215001537926,0.0,0.0,0.0,0.0,1.0,-7.563621788870735,-35.67933650627778,0.0,0.0,0.0,0.0,1.0,-7.863351703294125,-36.12512390436335,0.0,0.0,0.0,0.0,1.0
46.48920965194702,-5.555539630681292,-32.071358308712284,0.0,0.0,0.0,0.0,1.0,-5.776771659765167,-32.5229519022067,0.0,0.0,0.0,0.0,1.0,-6.00739981505662,-32.96981993458832,0.0,0.0,0.0,0.0,1.0,-6.247323212289782,-33.41176693122691,0.0,0.0,0.0,0.0,1.0,-6.49643690115726,-33.84859957011347,0.0,0.0,0.0,0.0,1.0,-6.754631911218797,-34.280126766425695,0.0,0.0,0.0,0.0,1.0,-7.021795299568499,-34.70615975611461,0.0,0.0,0.0,0.0,1.0,-7.297810200239744,-35.12651217847614,0.0,0.0,0.0,0.0,1.0,-7.582555875326157,-35.54100015767137,0.0,0.0,0.0,0.0,1.0,-7.8759077677963045,-35.949442383159806,0.0,0.0,0.0,0.0,1.0
46.8458366394043,-5.620061176887581,-32.16711763252396,0.0,0.0,0.0,0.0,1.0,-5.83068765669914,-32.59100399124609,0.0,0.0,0.0,0.0,1.0,-6.049522324492243,-33.01071168390897,0.0,0.0,0.0,0.0,1.0,-6.276482316900693,-33.4260817850892,0.0,0.0,0.0,0.0,1.0,-6.511481693844006,-33.83695701182449,0.0,0.0,0.0,0.0,1.0,-6.75443147106925,-34.24318178317001,0.0,0.0,0.0,0.0,1.0,-7.005239653845603,-34.64460227911029,0.0,0.0,0.0,0.0,1.0,-7.263811271798838,-35.04106649880428,0.0,0.0,0.0,0.0,1.0,-7.530048414872542,-35.4324243181416,0.0,0.0,0.0,0.0,1.0,-7.803850270402513,-35.81852754658817,0.0,0.0,0.0,0.0,1.0
47.2230761051178,-5.719739081922041,-32.3424032354261,0.0,0.0,0.0,0.0,1.0,-5.9183998163662315,-32.73726143925529,0.0,0.0,0.0,0.0,1.0,-6.123560064359331,-33.12878201494006,0.0,0.0,0.0,0.0,1.0,-6.335163769956654,-33.51685798729419,0.0,0.0,0.0,0.0,1.0,-6.553153116667283,-33.9013833223006,0.0,0.0,0.0,0.0,1.0,-6.777468543251258,-34.28225295608304,0.0,0.0,0.0,0.0,1.0,-7.008048759993503,-34.65936282361268,0.0,0.0,0.0,0.0,1.0,-7.24483076545002,-35.032609887141795,0.0,0.0,0.0,0.0,1.0,-7.487749863661778,-35.401892164356816,0.0,0.0,0.0,0.0,1.0,-7.736739681831583,-35.7671087562429,0.0,0.0,0.0,0.0,1.0
47.58536171913147,-5.775907371578988,-32.417788561872,0.0,0.0,0.0,0.0,1.0,-5.964408910938811,-32.78665648199315,0.0,0.0,0.0,0.0,1.0,-6.1593838014587,-33.15214405346758,0.0,0.0,0.0,0.0,1.0,-6.3607714462157965,-33.51413768514459,0.0,0.0,0.0,0.0,1.0,-6.568509255245099,-33.87252487176714,0.0,0.0,0.0,0.0,1.0,-6.782532664992013,-34.22719422893777,0.0,0.0,0.0,0.0,1.0,-7.002775158378285,-34.57803552773612,0.0,0.0,0.0,0.0,1.0,-7.229168285475076,-34.924939728977414,0.0,0.0,0.0,0.0,1.0,-7.461641684776751,-35.267799017101055,0.0,0.0,0.0,0.0,1.0,-7.700123105068768,-35.606506833679035,0.0,0.0,0.0,0.0,1.0
47.95696973800659,-5.856268815864989,-32.54762987380365,0.0,0.0,0.0,0.0,1.0,-6.034531715510728,-32.89232518409711,0.0,0.0,0.0,0.0,1.0,-6.217921696933385,-33.23432026160878,0.0,0.0,0.0,0.0,1.0,-6.406397868924961,-33.57353885030907,0.0,0.0,0.0,0.0,1.0,-6.59991820618892,-33.909905313253375,0.0,0.0,0.0,0.0,1.0,-6.798439558710728,-34.24334464944712,0.0,0.0,0.0,0.0,1.0,-7.001917661379199,-34.573782510569075,0.0,0.0,0.0,0.0,1.0,-7.210307143856471,-34.90114521754907,0.0,0.0,0.0,0.0,1.0,-7.423561540694393,-35.22535977699653,0.0,0.0,0.0,0.0,1.0,-7.6416333016951254,-35.546353897476095,0.0,0.0,0.0,0.0,1.0
48.32174849510193,-5.904349968078517,-32.601458449749856,0.0,0.0,0.0,0.0,1.0,-6.07427841715385,-32.926507438120986,0.0,0.0,0.0,0.0,1.0,-6.248778613751464,-33.2491251748213,0.0,0.0,0.0,0.0,1.0,-6.427815780593976,-33.56924736326698,0.0,0.0,0.0,0.0,1.0,-6.611354236201735,-33.8868102042282,0.0,0.0,0.0,0.0,1.0,-6.799357402004016,-34.201750408544136,0.0,0.0,0.0,0.0,1.0,-6.991787809629019,-34.51400520973623,0.0,0.0,0.0,0.0,1.0,-7.188607108371158,-34.823512376517385,0.0,0.0,0.0,0.0,1.0,-7.389776072834239,-35.130210225194375,0.0,0.0,0.0,0.0,1.0,-7.595254610748944,-35.43403763196124,0.0,0.0,0.0,0.0,1.0
48.68723273277283,-5.992125709601732,-32.752449650840525,0.0,0.0,0.0,0.0,1.0,-6.153107590949631,-33.0562710878917,0.0,0.0,0.0,0.0,1.0,-6.31804290237222,-33.35796459922412,0.0,0.0,0.0,0.0,1.0,-6.486903521396489,-33.65747874426053,0.0,0.0,0.0,0.0,1.0,-6.659660656260627,-33.954762454018876,0.0,0.0,0.0,0.0,1.0,-6.836284850823192,-34.24976503981988,0.0,0.0,0.0,0.0,1.0,-7.016745989585563,-34.54243620192974,0.0,0.0,0.0,0.0,1.0,-7.201013302826809,-34.8327260381366,0.0,0.0,0.0,0.0,1.0,-7.389055371850121,-35.12058505225911,0.0,0.0,0.0,0.0,1.0,-7.580840134339885,-35.405964162585875,0.0,0.0,0.0,0.0,1.0
49.03568983078003,-6.073504533339034,-32.87451167332762,0.0,0.0,0.0,0.0,1.0,-6.22771130809339,-33.16240415001855,0.0,0.0,0.0,0.0,1.0,-6.385571230494911,-33.44830982050232,0.0,0.0,0.0,0.0,1.0,-6.547058706998851,-33.73218233140778,0.0,0.0,0.0,0.0,1.0,-6.712147555931668,-34.013975658996316,0.0,0.0,0.0,0.0,1.0,-6.880811011735791,-34.29364411662355,0.0,0.0,0.0,0.0,1.0,-7.053021729309073,-34.57114236214643,0.0,0.0,0.0,0.0,1.0,-7.228751788438223,-34.846425405274495,0.0,0.0,0.0,0.0,1.0,-7.407972698325434,-35.119448614864055,0.0,0.0,0.0,0.0,1.0,-7.59065540220756,-35.39016772615415,0.0,0.0,0.0,0.0,1.0
49.38316369056702,-6.11563321441563,-32.941139687668816,0.0,0.0,0.0,0.0,1.0,-6.265631448784656,-33.2178245244036,0.0,0.0,0.0,0.0,1.0,-6.419323197284635,-33.492474876006874,0.0,0.0,0.0,0.0,1.0,-6.57668087071231,-33.76504143999852,0.0,0.0,0.0,0.0,1.0,-6.737676221794305,-34.0354752879591,0.0,0.0,0.0,0.0,1.0,-6.902280350257786,-34.303727874313005,0.0,0.0,0.0,0.0,1.0,-7.0704637080183526,-34.56975104504286,0.0,0.0,0.0,0.0,1.0,-7.2421961044842105,-34.83349704633363,0.0,0.0,0.0,0.0,1.0,-7.4174467119756855,-35.09491853314497,0.0,0.0,0.0,0.0,1.0,-7.596184071259096,-35.35396857771006,0.0,0.0,0.0,0.0,1.0
49.750346422195435,-6.183892842680552,-33.04155198070365,0.0,0.0,0.0,0.0,1.0,-6.3286967858053895,-33.30516633824713,0.0,0.0,0.0,0.0,1.0,-6.477227590753577,-33.566698958447766,0.0,0.0,0.0,0.0,1.0,-6.629455336291491,-33.82609715608223,0.0,0.0,0.0,0.0,1.0,-6.785349356444225,-34.08330867590236,0.0,0.0,0.0,0.0,1.0,-6.944878246673178,-34.338281703161876,0.0,0.0,0.0,0.0,1.0,-7.108009870202447,-34.590964874054336,0.0,0.0,0.0,0.0,1.0,-7.274711364492708,-34.84130728606029,0.0,0.0,0.0,0.0,1.0,-7.444949147861308,-35.08925850820148,0.0,0.0,0.0,0.0,1.0,-7.618688926247236,-35.33476859120006,0.0,0.0,0.0,0.0,1.0
50.11248302459717,-6.228526378598994,-33.09365557803942,0.0,0.0,0.0,0.0,1.0,-6.371072226331916,-33.352191984771586,0.0,0.0,0.0,0.0,1.0,-6.516128879940938,-33.60932805683389,0.0,0.0,0.0,0.0,1.0,-6.663682584263891,-33.86503941100584,0.0,0.0,0.0,0.0,1.0,-6.8137193473529445,-34.11930179916743,0.0,0.0,0.0,0.0,1.0,-6.9662249418013875,-34.37209111059852,0.0,0.0,0.0,0.0,1.0,-7.121184906092774,-34.62338337426513,0.0,0.0,0.0,0.0,1.0,-7.278584545972238,-34.87315476109255,0.0,0.0,0.0,0.0,1.0,-7.438408935839904,-35.12138158622494,0.0,0.0,0.0,0.0,1.0,-7.600642920166228,-35.36804031127127,0.0,0.0,0.0,0.0,1.0
50.44760847091675,-6.3025680141016585,-33.20971968080982,0.0,0.0,0.0,0.0,1.0,-6.442744880666105,-33.46031803814338,0.0,0.0,0.0,0.0,1.0,-6.58640432837228,-33.708936327299384,0.0,0.0,0.0,0.0,1.0,-6.733518393340829,-33.95552615374512,0.0,0.0,0.0,0.0,1.0,-6.884058439237486,-34.200039517796114,0.0,0.0,0.0,0.0,1.0,-7.037995162847254,-34.44242882395955,0.0,0.0,0.0,0.0,1.0,-7.195298599778402,-34.68264689019886,0.0,0.0,0.0,0.0,1.0,-7.355938130295135,-34.92064695711791,0.0,0.0,0.0,0.0,1.0,-7.519882485277852,-35.15638269706288,0.0,0.0,0.0,0.0,1.0,-7.687099752309815,-35.389808223140186,0.0,0.0,0.0,0.0,1.0
50.80812311172485,-6.338956382947641,-33.25401345856223,0.0,0.0,0.0,0.0,1.0,-6.476651378378546,-33.4987265311993,0.0,0.0,0.0,0.0,1.0,-6.617022232253256,-33.74191457175368,0.0,0.0,0.0,0.0,1.0,-6.760052056248939,-33.98354832174312,0.0,0.0,0.0,0.0,1.0,-6.90572364213629,-34.22359870968544,0.0,0.0,0.0,0.0,1.0,-7.054019463849877,-34.46203685459621,0.0,0.0,0.0,0.0,1.0,-7.204921679596752,-34.69883406946344,0.0,0.0,0.0,0.0,1.0,-7.3584121340030215,-34.93396186469903,0.0,0.0,0.0,0.0,1.0,-7.514472360298179,-35.16739195156638,0.0,0.0,0.0,0.0,1.0,-7.673083582536866,-35.39909624558388,0.0,0.0,0.0,0.0,1.0
51.16902232170105,-6.419963133208177,-33.36933331412392,0.0,0.0,0.0,0.0,1.0,-6.554280363784181,-33.60649207737196,0.0,0.0,0.0,0.0,1.0,-6.690803614112344,-33.84238781606764,0.0,0.0,0.0,0.0,1.0,-6.829521008646302,-34.077000010696686,0.0,0.0,0.0,0.0,1.0,-6.970420480980901,-34.310308253394574,0.0,0.0,0.0,0.0,1.0,-7.113489774901806,-34.54229224972174,0.0,0.0,0.0,0.0,1.0,-7.258716445451621,-34.77293182042885,0.0,0.0,0.0,0.0,1.0,-7.406087860012413,-35.00220690321217,0.0,0.0,0.0,0.0,1.0,-7.555591199404566,-35.230097554458645,0.0,0.0,0.0,0.0,1.0,-7.707213459001873,-35.456583950980715,0.0,0.0,0.0,0.0,1.0
51.549211502075195,-6.485004351561765,-33.4800654891568,0.0,0.0,0.0,0.0,1.0,-6.617647549625052,-33.71175509160121,0.0,0.0,0.0,0.0,1.0,-6.7529362244847055,-33.94190996191254,0.0,0.0,0.0,0.0,1.0,-6.890852621021318,-34.17049989484849,0.0,0.0,0.0,0.0,1.0,-7.031378639256519,-34.39749489054722,0.0,0.0,0.0,0.0,1.0,-7.174495836728397,-34.62286515846449,0.0,0.0,0.0,0.0,1.0,-7.320185430911855,-34.84658112128334,0.0,0.0,0.0,0.0,1.0,-7.468428301683623,-35.06861341879578,0.0,0.0,0.0,0.0,1.0,-7.619204993831543,-35.28893291175598,0.0,0.0,0.0,0.0,1.0,-7.772495719607858,-35.50751068570447,0.0,0.0,0.0,0.0,1.0
51.91433548927307,-6.520562107762578,-33.51635315143412,0.0,0.0,0.0,0.0,1.0,-6.651179353865249,-33.743416910616396,0.0,0.0,0.0,0.0,1.0,-6.783704307031853,-33.96937255339086,0.0,0.0,0.0,0.0,1.0,-6.9181275670055395,-34.194204052277215,0.0,0.0,0.0,0.0,1.0,-7.054439598878805,-34.41789545953287,0.0,0.0,0.0,0.0,1.0,-7.192630733769831,-34.640430908284216,0.0,0.0,0.0,0.0,1.0,-7.332691169508301,-34.861794613652066,0.0,0.0,0.0,0.0,1.0,-7.4746109713306925,-35.0819708738713,0.0,0.0,0.0,0.0,1.0,-7.618380072584981,-35.30094407140462,0.0,0.0,0.0,0.0,1.0,-7.763988275444671,-35.51869867405037,0.0,0.0,0.0,0.0,1.0
52.322999715805054,-6.567572057490816,-33.58651127161084,0.0,0.0,0.0,0.0,1.0,-6.696676923188623,-33.80941460863817,0.0,0.0,0.0,0.0,1.0,-6.827533520004228,-34.03129411439436,0.0,0.0,0.0,0.0,1.0,-6.960133729214831,-34.252136022831316,0.0,0.0,0.0,0.0,1.0,-7.094469323918848,-34.4719266322765,0.0,0.0,0.0,0.0,1.0,-7.230531969546367,-34.69065230628303,0.0,0.0,0.0,0.0,1.0,-7.368313224376205,-34.9082994744757,0.0,0.0,0.0,0.0,1.0,-7.507804540059696,-35.12485463339291,0.0,0.0,0.0,0.0,1.0,-7.6489972621510285,-35.34030434732451,0.0,0.0,0.0,0.0,1.0,-7.791882630644211,-35.55463524914536,0.0,0.0,0.0,0.0,1.0
52.697500228881836,-6.641567724162128,-33.69241004748406,0.0,0.0,0.0,0.0,1.0,-6.767865034601521,-33.90987700964776,0.0,0.0,0.0,0.0,1.0,-6.895027206096823,-34.12683938518217,0.0,0.0,0.0,0.0,1.0,-7.023052222740563,-34.34329373457322,0.0,0.0,0.0,0.0,1.0,-7.151938054946532,-34.55923662636063,0.0,0.0,0.0,0.0,1.0,-7.2816826594819855,-34.77466463719226,0.0,0.0,0.0,0.0,1.0,-7.41228397950001,-34.98957435187842,0.0,0.0,0.0,0.0,1.0,-7.54373994457216,-35.20396236344596,0.0,0.0,0.0,0.0,1.0,-7.67604847072125,-35.417825273192335,0.0,0.0,0.0,0.0,1.0,-7.809207460454413,-35.63115969073947,0.0,0.0,0.0,0.0,1.0
53.066078186035156,-6.674425099973563,-33.73172553419232,0.0,0.0,0.0,0.0,1.0,-6.7989202865721206,-33.94467280645766,0.0,0.0,0.0,0.0,1.0,-6.924491163854774,-34.156987542239044,0.0,0.0,0.0,0.0,1.0,-7.051134518103385,-34.36866430779473,0.0,0.0,0.0,0.0,1.0,-7.178847108152045,-34.57969768571046,0.0,0.0,0.0,0.0,1.0,-7.3076256654700575,-34.79008227503807,0.0,0.0,0.0,0.0,1.0,-7.437466894245563,-34.99981269143379,0.0,0.0,0.0,0.0,1.0,-7.568367471469895,-35.208883567296,0.0,0.0,0.0,0.0,1.0,-7.700324047022638,-35.41728955190261,0.0,0.0,0.0,0.0,1.0,-7.8333332437573455,-35.625025311547994,0.0,0.0,0.0,0.0,1.0
53.42543292045593,-6.746617131385356,-33.832897030496625,0.0,0.0,0.0,0.0,1.0,-6.868564487901319,-34.03999144351597,0.0,0.0,0.0,0.0,1.0,-6.991969992873371,-34.246220284873466,0.0,0.0,0.0,0.0,1.0,-7.116827502843084,-34.45157328794189,0.0,0.0,0.0,0.0,1.0,-7.243130802067309,-34.656040229695655,0.0,0.0,0.0,0.0,1.0,-7.370873602827611,-34.859610931219656,0.0,0.0,0.0,0.0,1.0,-7.500049545743294,-35.062275258216054,0.0,0.0,0.0,0.0,1.0,-7.630652200087981,-35.264023121508785,0.0,0.0,0.0,0.0,1.0,-7.762675064109767,-35.4648444775458,0.0,0.0,0.0,0.0,1.0,-7.896111565354877,-35.664729328899085,0.0,0.0,0.0,0.0,1.0
53.8092474937439,-6.781408473789537,-33.87580262121457,0.0,0.0,0.0,0.0,1.0,-6.901932153290138,-34.080725157496644,0.0,0.0,0.0,0.0,1.0,-7.022846777080905,-34.28541726030028,0.0,0.0,0.0,0.0,1.0,-7.144151904589483,-34.489878183796115,0.0,0.0,0.0,0.0,1.0,-7.265847093820669,-34.69410718299709,0.0,0.0,0.0,0.0,1.0,-7.387931901357964,-34.89810351376119,0.0,0.0,0.0,0.0,1.0,-7.510405882365307,-35.10186643279422,0.0,0.0,0.0,0.0,1.0,-7.633268590588545,-35.305395197652395,0.0,0.0,0.0,0.0,1.0,-7.7565195783571665,-35.50868906674514,0.0,0.0,0.0,0.0,1.0,-7.880158396585924,-35.711747299337766,0.0,0.0,0.0,0.0,1.0
54.15976524353027,-6.833423492341352,-33.95458499861409,0.0,0.0,0.0,0.0,1.0,-6.952134573152298,-34.155356964608444,0.0,0.0,0.0,0.0,1.0,-7.071435409374748,-34.35577905299485,0.0,0.0,0.0,0.0,1.0,-7.191324969821694,-34.555849531407794,0.0,0.0,0.0,0.0,1.0,-7.311802218217433,-34.75556667052092,0.0,0.0,0.0,0.0,1.0,-7.432866113206542,-34.95492874406203,0.0,0.0,0.0,0.0,1.0,-7.554515608362851,-35.15393402882793,0.0,0.0,0.0,0.0,1.0,-7.67674965219853,-35.35258080469938,0.0,0.0,0.0,0.0,1.0,-7.7995671881731345,-35.55086735465593,0.0,0.0,0.0,0.0,1.0,-7.922967154702748,-35.74879196479078,0.0,0.0,0.0,0.0,1.0
54.493948221206665,-6.905182993848332,-34.05318159624896,0.0,0.0,0.0,0.0,1.0,-7.021995083492896,-34.24971956537387,0.0,0.0,0.0,0.0,1.0,-7.139636398904367,-34.44576231199597,0.0,0.0,0.0,0.0,1.0,-7.2581048406325435,-34.64130633749758,0.0,0.0,0.0,0.0,1.0,-7.377398294466156,-34.83634815216132,0.0,0.0,0.0,0.0,1.0,-7.497514631470623,-35.030884275232346,0.0,0.0,0.0,0.0,1.0,-7.61845170802601,-35.2249112349805,0.0,0.0,0.0,0.0,1.0,-7.740207365865306,-35.41842556876225,0.0,0.0,0.0,0.0,1.0,-7.862779432112946,-35.6114238230825,0.0,0.0,0.0,0.0,1.0,-7.986165719323565,-35.80390255365617,0.0,0.0,0.0,0.0,1.0
54.86598610877991,-6.923787037399143,-34.0736350750004,0.0,0.0,0.0,0.0,1.0,-7.038014572891579,-34.26534002413071,0.0,0.0,0.0,0.0,1.0,-7.153131568450851,-34.45651218402628,0.0,0.0,0.0,0.0,1.0,-7.269135539049446,-34.647147427858826,0.0,0.0,0.0,0.0,1.0,-7.386023980512758,-34.837241640390424,0.0,0.0,0.0,0.0,1.0,-7.503794369573134,-35.0267907180624,0.0,0.0,0.0,0.0,1.0,-7.622444163924332,-35.2157905690839,0.0,0.0,0.0,0.0,1.0,-7.741970802276426,-35.404237113520196,0.0,0.0,0.0,0.0,1.0,-7.862371704411064,-35.59212628338077,0.0,0.0,0.0,0.0,1.0,-7.983644271237203,-35.77945402270715,0.0,0.0,0.0,0.0,1.0
